Workbook
Name Slicer_department_name: #N/A
Name Slicer_employment_status: #N/A
Name Slicer_job_level: #N/A
Name Slicer_region: #N/A

Sheet Raw_data
A1: employee_id | B1: hire_date | C1: department_name | D1: business_unit | E1: region | F1: role_title | G1: job_family | H1: job_level | I1: employment_status | J1: started_at | K1: ended_at | L1: termination_type | M1: tenure_days | N1: age_band | O1: education_level | P1: commute_band | Q1: latest_review_score | R1: latest_review_outcome | S1: review_count | T1: base_salary
A2: E000001 | B2: 2025-05-05 | C2: Engineering | D2: Product & Technology | E2: NA | F2: Software Engineering Specialist | G2: engineering | H2: specialist | I2: active | J2: 2025-05-05 | M2: 240 | N2: 25-34 | O2: masters | P2: remote | Q2: 4 | R2: exceeds | S2: 1 | T2: 99500.00
A3: E000002 | B3: 2023-08-02 | C3: Data & Analytics | D3: Product & Technology | E3: NA | F3: Analytics Specialist | G3: analytics | H3: specialist | I3: active | J3: 2023-08-02 | M3: 882 | N3: 25-34 | O3: masters | P3: remote | Q3: 3 | R3: meets | S3: 2 | T3: 98000.00
A4: E000003 | B4: 2024-02-06 | C4: Product | D4: Product & Technology | E4: EMEA | F4: Product Management Associate | G4: product | H4: associate | I4: active | J4: 2024-02-06 | M4: 694 | N4: 25-34 | O4: masters | P4: 31+_km | Q4: 3 | R4: meets | S4: 2 | T4: 60000.00
A5: E000004 | B5: 2024-11-07 | C5: Design | D5: Product & Technology | E5: EMEA | F5: Product Design Senior Specialist | G5: design | H5: senior | I5: terminated | J5: 2024-11-07 | K5: 2025-05-28 | L5: voluntary | M5: 202 | N5: 35-44 | O5: masters | P5: remote | Q5: 2 | R5: needs_support | S5: 1 | T5: 132500.00
A6: E000005 | B6: 2023-12-14 | C6: Sales | D6: Revenue | E6: NA | F6: Account Associate | G6: sales | H6: associate | I6: active | J6: 2023-12-14 | M6: 748 | N6: 25-34 | O6: masters | P6: remote | Q6: 3 | R6: meets | S6: 2 | T6: 73500.00
A7: E000006 | B7: 2024-12-01 | C7: Customer Success | D7: Revenue | E7: EMEA | F7: Customer Success Specialist | G7: customer_success | H7: specialist | I7: active | J7: 2024-12-01 | M7: 395 | N7: 35-44 | O7: bachelors | P7: 6-15_km | Q7: 3 | R7: meets | S7: 1 | T7: 81500.00
A8: E000007 | B8: 2024-12-21 | C8: Marketing | D8: Revenue | E8: APAC | F8: Growth Marketing Specialist | G8: marketing | H8: specialist | I8: active | J8: 2024-12-21 | M8: 375 | N8: 25-34 | O8: masters | P8: remote | Q8: 2 | R8: needs_support | S8: 1 | T8: 95000.00
A9: E000008 | B9: 2024-07-24 | C9: Finance | D9: Corporate | E9: NA | F9: Financial Planning Senior Specialist | G9: finance | H9: senior | I9: terminated | J9: 2024-07-24 | K9: 2025-03-17 | L9: voluntary | M9: 236 | N9: 45-54 | O9: masters | P9: 31+_km | Q9: 4 | R9: exceeds | S9: 1 | T9: 103500.00
A10: E000009 | B10: 2023-05-20 | C10: People Operations | D10: Corporate | E10: EMEA | F10: People Operations Senior Specialist | G10: people | H10: senior | I10: active | J10: 2023-05-20 | M10: 956 | N10: 35-44 | O10: bachelors | P10: 31+_km | Q10: 2 | R10: needs_support | S10: 3 | T10: 136000.00
A11: E000010 | B11: 2024-04-15 | C11: Legal & Compliance | D11: Corporate | E11: NA | F11: Legal & Compliance Specialist | G11: legal | H11: specialist | I11: terminated | J11: 2024-04-15 | K11: 2025-10-11 | L11: retirement | M11: 544 | N11: 25-34 | O11: bachelors | P11: remote | Q11: 4 | R11: exceeds | S11: 1 | T11: 74000.00
A12: E000011 | B12: 2024-12-13 | C12: Supply Chain | D12: Operations | E12: APAC | F12: Supply Chain Senior Specialist | G12: supply_chain | H12: senior | I12: active | J12: 2024-12-13 | M12: 383 | N12: 25-34 | O12: bachelors | P12: 6-15_km | Q12: 1 | R12: needs_support | S12: 1 | T12: 118000.00
A13: E000012 | B13: 2025-08-13 | C13: Business Operations | D13: Operations | E13: LATAM | F13: Operations Specialist | G13: operations | H13: specialist | I13: active | J13: 2025-08-13 | M13: 140 | N13: 25-34 | O13: bachelors | P13: 6-15_km | Q13: None | S13: 0 | T13: 81000.00
A14: E000013 | B14: 2023-12-13 | C14: Engineering | D14: Product & Technology | E14: NA | F14: Software Engineering Specialist | G14: engineering | H14: specialist | I14: active | J14: 2023-12-13 | M14: 749 | N14: 35-44 | O14: bachelors | P14: 31+_km | Q14: 4 | R14: exceeds | S14: 2 | T14: 96000.00
A15: E000014 | B15: 2023-11-22 | C15: Data & Analytics | D15: Product & Technology | E15: NA | F15: Analytics Specialist | G15: analytics | H15: specialist | I15: active | J15: 2023-11-22 | M15: 770 | N15: 35-44 | O15: associate | P15: 6-15_km | Q15: 4 | R15: exceeds | S15: 2 | T15: 100000.00
A16: E000015 | B16: 2024-03-25 | C16: Product | D16: Product & Technology | E16: EMEA | F16: Analytics Senior Specialist | G16: analytics | H16: senior | I16: active | J16: 2024-03-25 | M16: 646 | N16: 45-54 | O16: masters | P16: 6-15_km | Q16: 2 | R16: needs_support | S16: 2 | T16: 110500.00
A17: E000016 | B17: 2024-10-07 | C17: Design | D17: Product & Technology | E17: EMEA | F17: Product Design Specialist | G17: design | H17: specialist | I17: active | J17: 2024-10-07 | M17: 450 | N17: 35-44 | O17: bachelors | P17: remote | Q17: 3 | R17: meets | S17: 1 | T17: 90500.00
A18: E000017 | B18: 2025-08-30 | C18: Sales | D18: Revenue | E18: NA | F18: Account Associate | G18: sales | H18: associate | I18: active | J18: 2025-08-30 | M18: 123 | N18: 25-34 | O18: masters | P18: 6-15_km | Q18: None | S18: 0 | T18: 58000.00
A19: E000018 | B19: 2024-04-05 | C19: Customer Success | D19: Revenue | E19: EMEA | F19: Customer Success Associate | G19: customer_success | H19: associate | I19: terminated | J19: 2024-04-05 | K19: 2025-01-13 | L19: voluntary | M19: 283 | N19: 45-54 | O19: high_school | P19: 31+_km | Q19: 3 | R19: meets | S19: 1 | T19: 59000.00
A20: E000019 | B20: 2023-10-23 | C20: Marketing | D20: Revenue | E20: APAC | F20: Analytics Senior Specialist | G20: analytics | H20: senior | I20: active | J20: 2023-10-23 | M20: 800 | N20: 35-44 | O20: bachelors | P20: 16-30_km | Q20: 3 | R20: meets | S20: 2 | T20: 127000.00
A21: E000020 | B21: 2024-12-08 | C21: Finance | D21: Corporate | E21: NA | F21: Analytics Lead | G21: analytics | H21: lead | I21: active | J21: 2024-12-08 | M21: 388 | N21: 25-34 | O21: bachelors | P21: 16-30_km | Q21: 3 | R21: meets | S21: 1 | T21: 135000.00
A22: E000021 | B22: 2025-04-08 | C22: People Operations | D22: Corporate | E22: EMEA | F22: People Operations Associate | G22: people | H22: associate | I22: active | J22: 2025-04-08 | M22: 267 | N22: 25-34 | O22: masters | P22: 6-15_km | Q22: 3 | R22: meets | S22: 1 | T22: 62000.00
A23: E000022 | B23: 2023-11-20 | C23: Legal & Compliance | D23: Corporate | E23: NA | F23: Operations Associate | G23: operations | H23: associate | I23: active | J23: 2023-11-20 | M23: 772 | N23: 45-54 | O23: masters | P23: 6-15_km | Q23: 3 | R23: meets | S23: 2 | T23: 61500.00
A24: E000023 | B24: 2024-07-28 | C24: Supply Chain | D24: Operations | E24: APAC | F24: Supply Chain Specialist | G24: supply_chain | H24: specialist | I24: active | J24: 2024-07-28 | M24: 521 | N24: 25-34 | O24: bachelors | P24: remote | Q24: 1 | R24: needs_support | S24: 1 | T24: 104500.00
A25: E000024 | B25: 2024-06-22 | C25: Business Operations | D25: Operations | E25: LATAM | F25: Operations Associate | G25: operations | H25: associate | I25: terminated | J25: 2024-06-22 | K25: 2025-03-15 | L25: voluntary | M25: 266 | N25: 45-54 | O25: bachelors | P25: remote | Q25: 3 | R25: meets | S25: 1 | T25: 65500.00
A26: E000025 | B26: 2024-08-28 | C26: Engineering | D26: Product & Technology | E26: NA | F26: Software Engineering Specialist | G26: engineering | H26: specialist | I26: active | J26: 2024-08-28 | M26: 490 | N26: 35-44 | O26: high_school | P26: 6-15_km | Q26: 5 | R26: outstanding | S26: 1 | T26: 85000.00
A27: E000026 | B27: 2025-04-03 | C27: Data & Analytics | D27: Product & Technology | E27: NA | F27: Software Engineering Senior Specialist | G27: engineering | H27: senior | I27: active | J27: 2025-04-03 | M27: 272 | N27: 18-24 | O27: masters | P27: 6-15_km | Q27: 4 | R27: exceeds | S27: 1 | T27: 140000.00
A28: E000027 | B28: 2023-06-27 | C28: Product | D28: Product & Technology | E28: EMEA | F28: Analytics Specialist | G28: analytics | H28: specialist | I28: active | J28: 2023-06-27 | M28: 918 | N28: 25-34 | O28: high_school | P28: 6-15_km | Q28: 3 | R28: meets | S28: 3 | T28: 78500.00
A29: E000028 | B29: 2025-08-20 | C29: Design | D29: Product & Technology | E29: EMEA | F29: Product Design Senior Specialist | G29: design | H29: senior | I29: active | J29: 2025-08-20 | M29: 133 | N29: 25-34 | O29: masters | P29: remote | Q29: None | S29: 0 | T29: 140500.00
A30: E000029 | B30: 2024-06-02 | C30: Sales | D30: Revenue | E30: NA | F30: Account Associate | G30: sales | H30: associate | I30: active | J30: 2024-06-02 | M30: 577 | N30: 35-44 | O30: masters | P30: 6-15_km | Q30: 3 | R30: meets | S30: 2 | T30: 62000.00
A31: E000030 | B31: 2023-10-26 | C31: Customer Success | D31: Revenue | E31: EMEA | F31: Customer Success Specialist | G31: customer_success | H31: specialist | I31: active | J31: 2023-10-26 | M31: 797 | N31: 35-44 | O31: associate | P31: remote | Q31: 4 | R31: exceeds | S31: 2 | T31: 77000.00
A32: E000031 | B32: 2025-01-01 | C32: Marketing | D32: Revenue | E32: APAC | F32: Growth Marketing Specialist | G32: marketing | H32: specialist | I32: active | J32: 2025-01-01 | M32: 364 | N32: 35-44 | O32: bachelors | P32: 31+_km | Q32: 4 | R32: exceeds | S32: 1 | T32: 89500.00
A33: E000032 | B33: 2023-03-11 | C33: Finance | D33: Corporate | E33: NA | F33: Financial Planning Associate | G33: finance | H33: associate | I33: active | J33: 2023-03-11 | M33: 1026 | N33: 18-24 | O33: masters | P33: 6-15_km | Q33: 2 | R33: needs_support | S33: 3 | T33: 63000.00
A34: E000033 | B34: 2024-09-08 | C34: People Operations | D34: Corporate | E34: EMEA | F34: People Operations Specialist | G34: people | H34: specialist | I34: active | J34: 2024-09-08 | M34: 479 | N34: 35-44 | O34: high_school | P34: 6-15_km | Q34: 2 | R34: needs_support | S34: 1 | T34: 72500.00
A35: E000034 | B35: 2025-08-04 | C35: Legal & Compliance | D35: Corporate | E35: NA | F35: Legal & Compliance Specialist | G35: legal | H35: specialist | I35: active | J35: 2025-08-04 | M35: 149 | N35: 18-24 | O35: associate | P35: 0-5_km | Q35: None | S35: 0 | T35: 77500.00
A36: E000035 | B36: 2025-05-17 | C36: Supply Chain | D36: Operations | E36: APAC | F36: Supply Chain Associate | G36: supply_chain | H36: associate | I36: active | J36: 2025-05-17 | M36: 228 | N36: 18-24 | O36: masters | P36: 16-30_km | Q36: 4 | R36: exceeds | S36: 1 | T36: 62000.00
A37: E000036 | B37: 2024-02-03 | C37: Business Operations | D37: Operations | E37: LATAM | F37: Operations Associate | G37: operations | H37: associate | I37: active | J37: 2024-02-03 | M37: 697 | N37: 25-34 | O37: bachelors | P37: 0-5_km | Q37: 3 | R37: meets | S37: 2 | T37: 56000.00
A38: E000037 | B38: 2023-01-15 | C38: Engineering | D38: Product & Technology | E38: NA | F38: Analytics Associate | G38: analytics | H38: associate | I38: active | J38: 2023-01-15 | M38: 1081 | N38: 25-34 | O38: high_school | P38: 31+_km | Q38: 4 | R38: exceeds | S38: 3 | T38: 76500.00
A39: E000038 | B39: 2023-02-14 | C39: Data & Analytics | D39: Product & Technology | E39: NA | F39: Analytics Specialist | G39: analytics | H39: specialist | I39: active | J39: 2023-02-14 | M39: 1051 | N39: 55-64 | O39: masters | P39: 0-5_km | Q39: 3 | R39: meets | S39: 3 | T39: 95000.00
A40: E000039 | B40: 2023-09-19 | C40: Product | D40: Product & Technology | E40: EMEA | F40: Product Management Associate | G40: product | H40: associate | I40: active | J40: 2023-09-19 | M40: 834 | N40: 25-34 | O40: associate | P40: remote | Q40: 3 | R40: meets | S40: 2 | T40: 75500.00
A41: E000040 | B41: 2023-12-02 | C41: Design | D41: Product & Technology | E41: EMEA | F41: Product Design Associate | G41: design | H41: associate | I41: active | J41: 2023-12-02 | M41: 760 | N41: 35-44 | O41: bachelors | P41: 6-15_km | Q41: 2 | R41: needs_support | S41: 2 | T41: 73500.00
A42: E000041 | B42: 2024-10-30 | C42: Sales | D42: Revenue | E42: NA | F42: Customer Success Senior Specialist | G42: customer_success | H42: senior | I42: terminated | J42: 2024-10-30 | K42: 2025-04-30 | L42: voluntary | M42: 182 | N42: 25-34 | O42: bachelors | P42: remote | Q42: 3 | R42: meets | S42: 1 | T42: 135500.00
A43: E000042 | B43: 2024-01-21 | C43: Customer Success | D43: Revenue | E43: EMEA | F43: Account Specialist | G43: sales | H43: specialist | I43: active | J43: 2024-01-21 | M43: 710 | N43: 18-24 | O43: bachelors | P43: 6-15_km | Q43: 4 | R43: exceeds | S43: 2 | T43: 76500.00
A44: E000043 | B44: 2024-08-14 | C44: Marketing | D44: Revenue | E44: APAC | F44: Growth Marketing Specialist | G44: marketing | H44: specialist | I44: active | J44: 2024-08-14 | M44: 504 | N44: 25-34 | O44: bachelors | P44: 31+_km | Q44: 3 | R44: meets | S44: 1 | T44: 97000.00
A45: E000044 | B45: 2024-12-20 | C45: Finance | D45: Corporate | E45: NA | F45: Financial Planning Specialist | G45: finance | H45: specialist | I45: active | J45: 2024-12-20 | M45: 376 | N45: 25-34 | O45: bachelors | P45: 6-15_km | Q45: 5 | R45: outstanding | S45: 1 | T45: 89500.00
A46: E000045 | B46: 2024-10-03 | C46: People Operations | D46: Corporate | E46: EMEA | F46: Operations Senior Specialist | G46: operations | H46: senior | I46: active | J46: 2024-10-03 | M46: 454 | N46: 35-44 | O46: associate | P46: 6-15_km | Q46: 2 | R46: needs_support | S46: 1 | T46: 107000.00
A47: E000046 | B47: 2023-11-24 | C47: Legal & Compliance | D47: Corporate | E47: NA | F47: Legal & Compliance Associate | G47: legal | H47: associate | I47: active | J47: 2023-11-24 | M47: 768 | N47: 25-34 | O47: high_school | P47: 6-15_km | Q47: 2 | R47: needs_support | S47: 2 | T47: 62000.00
A48: E000047 | B48: 2025-02-01 | C48: Supply Chain | D48: Operations | E48: APAC | F48: Operations Senior Specialist | G48: operations | H48: senior | I48: active | J48: 2025-02-01 | M48: 333 | N48: 25-34 | O48: bachelors | P48: 0-5_km | Q48: 3 | R48: meets | S48: 1 | T48: 104500.00
A49: E000048 | B49: 2023-10-29 | C49: Business Operations | D49: Operations | E49: LATAM | F49: Operations Senior Specialist | G49: operations | H49: senior | I49: terminated | J49: 2023-10-29 | K49: 2024-08-16 | L49: voluntary | M49: 292 | N49: 25-34 | O49: bachelors | P49: 31+_km | Q49: 4 | R49: exceeds | S49: 1 | T49: 130500.00
A50: E000049 | B50: 2023-04-14 | C50: Engineering | D50: Product & Technology | E50: NA | F50: Software Engineering Specialist | G50: engineering | H50: specialist | I50: active | J50: 2023-04-14 | M50: 992 | N50: 45-54 | O50: bachelors | P50: 0-5_km | Q50: 3 | R50: meets | S50: 3 | T50: 73000.00
A51: E000050 | B51: 2024-03-16 | C51: Data & Analytics | D51: Product & Technology | E51: NA | F51: Analytics Associate | G51: analytics | H51: associate | I51: terminated | J51: 2024-03-16 | K51: 2024-12-19 | L51: involuntary | M51: 278 | N51: 25-34 | O51: bachelors | P51: remote | Q51: 1 | R51: needs_support | S51: 1 | T51: 75500.00
A52: E000051 | B52: 2023-01-13 | C52: Product | D52: Product & Technology | E52: EMEA | F52: Product Management Associate | G52: product | H52: associate | I52: active | J52: 2023-01-13 | M52: 1083 | N52: 25-34 | O52: masters | P52: 16-30_km | Q52: 3 | R52: meets | S52: 3 | T52: 68500.00
A53: E000052 | B53: 2023-02-02 | C53: Design | D53: Product & Technology | E53: EMEA | F53: Product Design Specialist | G53: design | H53: specialist | I53: active | J53: 2023-02-02 | M53: 1063 | N53: 18-24 | O53: bachelors | P53: 6-15_km | Q53: 4 | R53: exceeds | S53: 3 | T53: 92000.00
A54: E000053 | B54: 2023-02-25 | C54: Sales | D54: Revenue | E54: NA | F54: Account Associate | G54: sales | H54: associate | I54: active | J54: 2023-02-25 | M54: 1040 | N54: 25-34 | O54: high_school | P54: 6-15_km | Q54: 3 | R54: meets | S54: 3 | T54: 78000.00
A55: E000054 | B55: 2025-07-15 | C55: Customer Success | D55: Revenue | E55: EMEA | F55: Customer Success Associate | G55: customer_success | H55: associate | I55: active | J55: 2025-07-15 | M55: 169 | N55: 25-34 | O55: bachelors | P55: 0-5_km | Q55: None | S55: 0 | T55: 74500.00
A56: E000055 | B56: 2025-05-27 | C56: Marketing | D56: Revenue | E56: APAC | F56: Growth Marketing Specialist | G56: marketing | H56: specialist | I56: active | J56: 2025-05-27 | M56: 218 | N56: 25-34 | O56: high_school | P56: 16-30_km | Q56: 3 | R56: meets | S56: 1 | T56: 90000.00
A57: E000056 | B57: 2024-04-26 | C57: Finance | D57: Corporate | E57: NA | F57: Analytics Associate | G57: analytics | H57: associate | I57: active | J57: 2024-04-26 | M57: 614 | N57: 45-54 | O57: masters | P57: 0-5_km | Q57: 1 | R57: needs_support | S57: 2 | T57: 73000.00
A58: E000057 | B58: 2025-05-04 | C58: People Operations | D58: Corporate | E58: EMEA | F58: Operations Senior Specialist | G58: operations | H58: senior | I58: active | J58: 2025-05-04 | M58: 241 | N58: 35-44 | O58: high_school | P58: 16-30_km | Q58: 4 | R58: exceeds | S58: 1 | T58: 111500.00
A59: E000058 | B59: 2024-02-06 | C59: Legal & Compliance | D59: Corporate | E59: NA | F59: Legal & Compliance Associate | G59: legal | H59: associate | I59: active | J59: 2024-02-06 | M59: 694 | N59: 25-34 | O59: bachelors | P59: 6-15_km | Q59: 5 | R59: outstanding | S59: 2 | T59: 61500.00
A60: E000059 | B60: 2025-07-19 | C60: Supply Chain | D60: Operations | E60: APAC | F60: Supply Chain Senior Specialist | G60: supply_chain | H60: senior | I60: active | J60: 2025-07-19 | M60: 165 | N60: 18-24 | O60: bachelors | P60: 16-30_km | Q60: None | S60: 0 | T60: 137000.00
A61: E000060 | B61: 2025-07-28 | C61: Business Operations | D61: Operations | E61: LATAM | F61: Operations Associate | G61: operations | H61: associate | I61: terminated | J61: 2025-07-28 | K61: 2025-12-04 | L61: involuntary | M61: 129 | N61: 35-44 | O61: professional | P61: 6-15_km | Q61: None | S61: 0 | T61: 66000.00
A62: E000061 | B62: 2025-06-09 | C62: Engineering | D62: Product & Technology | E62: NA | F62: Software Engineering Senior Specialist | G62: engineering | H62: senior | I62: active | J62: 2025-06-09 | M62: 205 | N62: 25-34 | O62: masters | P62: 6-15_km | Q62: 2 | R62: needs_support | S62: 1 | T62: 106500.00
A63: E000062 | B63: 2025-04-30 | C63: Data & Analytics | D63: Product & Technology | E63: NA | F63: Analytics Specialist | G63: analytics | H63: specialist | I63: active | J63: 2025-04-30 | M63: 245 | N63: 25-34 | O63: high_school | P63: 16-30_km | Q63: 3 | R63: meets | S63: 1 | T63: 98000.00
A64: E000063 | B64: 2023-04-06 | C64: Product | D64: Product & Technology | E64: EMEA | F64: Product Management Specialist | G64: product | H64: specialist | I64: terminated | J64: 2023-04-06 | K64: 2025-12-14 | L64: voluntary | M64: 983 | N64: 25-34 | O64: professional | P64: remote | Q64: 4 | R64: exceeds | S64: 3 | T64: 101000.00
A65: E000064 | B65: 2023-03-12 | C65: Design | D65: Product & Technology | E65: EMEA | F65: Product Design Associate | G65: design | H65: associate | I65: active | J65: 2023-03-12 | M65: 1025 | N65: 25-34 | O65: high_school | P65: remote | Q65: 4 | R65: exceeds | S65: 3 | T65: 61500.00
A66: E000065 | B66: 2025-09-07 | C66: Sales | D66: Revenue | E66: NA | F66: Account Specialist | G66: sales | H66: specialist | I66: active | J66: 2025-09-07 | M66: 115 | N66: 35-44 | O66: bachelors | P66: 16-30_km | Q66: None | S66: 0 | T66: 73000.00
A67: E000066 | B67: 2024-10-21 | C67: Customer Success | D67: Revenue | E67: EMEA | F67: Customer Success Specialist | G67: customer_success | H67: specialist | I67: active | J67: 2024-10-21 | M67: 436 | N67: 25-34 | O67: bachelors | P67: 16-30_km | Q67: 2 | R67: needs_support | S67: 1 | T67: 102000.00
A68: E000067 | B68: 2025-03-29 | C68: Marketing | D68: Revenue | E68: APAC | F68: Growth Marketing Specialist | G68: marketing | H68: specialist | I68: active | J68: 2025-03-29 | M68: 277 | N68: 55-64 | O68: masters | P68: 6-15_km | Q68: 3 | R68: meets | S68: 1 | T68: 78500.00
A69: E000068 | B69: 2024-05-29 | C69: Finance | D69: Corporate | E69: NA | F69: Financial Planning Specialist | G69: finance | H69: specialist | I69: active | J69: 2024-05-29 | M69: 581 | N69: 25-34 | O69: professional | P69: 6-15_km | Q69: 5 | R69: outstanding | S69: 2 | T69: 103500.00
A70: E000069 | B70: 2025-05-20 | C70: People Operations | D70: Corporate | E70: EMEA | F70: Operations Associate | G70: operations | H70: associate | I70: active | J70: 2025-05-20 | M70: 225 | N70: 35-44 | O70: bachelors | P70: remote | Q70: 2 | R70: needs_support | S70: 1 | T70: 76500.00
A71: E000070 | B71: 2023-02-02 | C71: Legal & Compliance | D71: Corporate | E71: NA | F71: Operations Specialist | G71: operations | H71: specialist | I71: active | J71: 2023-02-02 | M71: 1063 | N71: 35-44 | O71: high_school | P71: 6-15_km | Q71: 4 | R71: exceeds | S71: 3 | T71: 85500.00
A72: E000071 | B72: 2024-03-18 | C72: Supply Chain | D72: Operations | E72: APAC | F72: Supply Chain Specialist | G72: supply_chain | H72: specialist | I72: active | J72: 2024-03-18 | M72: 653 | N72: 18-24 | O72: associate | P72: 6-15_km | Q72: 2 | R72: needs_support | S72: 2 | T72: 103000.00
A73: E000072 | B73: 2025-02-19 | C73: Business Operations | D73: Operations | E73: LATAM | F73: Analytics Associate | G73: analytics | H73: associate | I73: active | J73: 2025-02-19 | M73: 315 | N73: 25-34 | O73: masters | P73: 16-30_km | Q73: 4 | R73: exceeds | S73: 1 | T73: 65000.00
A74: E000073 | B74: 2023-12-26 | C74: Engineering | D74: Product & Technology | E74: NA | F74: Software Engineering Specialist | G74: engineering | H74: specialist | I74: terminated | J74: 2023-12-26 | K74: 2024-06-01 | L74: voluntary | M74: 158 | N74: 25-34 | O74: bachelors | P74: 0-5_km | Q74: None | S74: 0 | T74: 95500.00
A75: E000074 | B75: 2025-06-29 | C75: Data & Analytics | D75: Product & Technology | E75: NA | F75: Analytics Specialist | G75: analytics | H75: specialist | I75: terminated | J75: 2025-06-29 | K75: 2025-12-17 | L75: retirement | M75: 171 | N75: 25-34 | O75: masters | P75: remote | Q75: None | S75: 0 | T75: 96000.00
A76: E000075 | B76: 2023-12-16 | C76: Product | D76: Product & Technology | E76: EMEA | F76: Product Management Lead | G76: product | H76: lead | I76: active | J76: 2023-12-16 | M76: 746 | N76: 35-44 | O76: professional | P76: 6-15_km | Q76: 4 | R76: exceeds | S76: 2 | T76: 169000.00
A77: E000076 | B77: 2023-06-08 | C77: Design | D77: Product & Technology | E77: EMEA | F77: Product Design Specialist | G77: design | H77: specialist | I77: active | J77: 2023-06-08 | M77: 937 | N77: 18-24 | O77: bachelors | P77: 6-15_km | Q77: 3 | R77: meets | S77: 3 | T77: 100000.00
A78: E000077 | B78: 2025-09-05 | C78: Sales | D78: Revenue | E78: NA | F78: Account Senior Specialist | G78: sales | H78: senior | I78: active | J78: 2025-09-05 | M78: 117 | N78: 25-34 | O78: associate | P78: remote | Q78: None | S78: 0 | T78: 141000.00
A79: E000078 | B79: 2025-07-16 | C79: Customer Success | D79: Revenue | E79: EMEA | F79: Customer Success Associate | G79: customer_success | H79: associate | I79: active | J79: 2025-07-16 | M79: 168 | N79: 35-44 | O79: high_school | P79: remote | Q79: None | S79: 0 | T79: 76500.00
A80: E000079 | B80: 2023-12-15 | C80: Marketing | D80: Revenue | E80: APAC | F80: Growth Marketing Associate | G80: marketing | H80: associate | I80: active | J80: 2023-12-15 | M80: 747 | N80: 35-44 | O80: professional | P80: 0-5_km | Q80: 3 | R80: meets | S80: 2 | T80: 77000.00
A81: E000080 | B81: 2024-11-30 | C81: Finance | D81: Corporate | E81: NA | F81: Financial Planning Associate | G81: finance | H81: associate | I81: terminated | J81: 2024-11-30 | K81: 2025-08-01 | L81: voluntary | M81: 244 | N81: 18-24 | O81: bachelors | P81: 0-5_km | Q81: 5 | R81: outstanding | S81: 1 | T81: 73000.00
A82: E000081 | B82: 2025-06-06 | C82: People Operations | D82: Corporate | E82: EMEA | F82: People Operations Specialist | G82: people | H82: specialist | I82: active | J82: 2025-06-06 | M82: 208 | N82: 35-44 | O82: masters | P82: 16-30_km | Q82: 3 | R82: meets | S82: 1 | T82: 73500.00
A83: E000082 | B83: 2024-08-31 | C83: Legal & Compliance | D83: Corporate | E83: NA | F83: Legal & Compliance Associate | G83: legal | H83: associate | I83: active | J83: 2024-08-31 | M83: 487 | N83: 25-34 | O83: high_school | P83: 16-30_km | Q83: 2 | R83: needs_support | S83: 1 | T83: 58500.00
A84: E000083 | B84: 2025-06-05 | C84: Supply Chain | D84: Operations | E84: APAC | F84: Operations Specialist | G84: operations | H84: specialist | I84: active | J84: 2025-06-05 | M84: 209 | N84: 18-24 | O84: masters | P84: remote | Q84: 4 | R84: exceeds | S84: 1 | T84: 84500.00
A85: E000084 | B85: 2024-12-08 | C85: Business Operations | D85: Operations | E85: LATAM | F85: Analytics Senior Specialist | G85: analytics | H85: senior | I85: active | J85: 2024-12-08 | M85: 388 | N85: 25-34 | O85: professional | P85: 31+_km | Q85: 2 | R85: needs_support | S85: 1 | T85: 128000.00
A86: E000085 | B86: 2024-04-29 | C86: Engineering | D86: Product & Technology | E86: NA | F86: Software Engineering Senior Specialist | G86: engineering | H86: senior | I86: active | J86: 2024-04-29 | M86: 611 | N86: 35-44 | O86: associate | P86: 16-30_km | Q86: 3 | R86: meets | S86: 2 | T86: 140500.00
A87: E000086 | B87: 2025-02-16 | C87: Data & Analytics | D87: Product & Technology | E87: NA | F87: Analytics Associate | G87: analytics | H87: associate | I87: active | J87: 2025-02-16 | M87: 318 | N87: 25-34 | O87: professional | P87: 0-5_km | Q87: 5 | R87: outstanding | S87: 1 | T87: 58000.00
A88: E000087 | B88: 2024-04-01 | C88: Product | D88: Product & Technology | E88: EMEA | F88: Product Management Specialist | G88: product | H88: specialist | I88: active | J88: 2024-04-01 | M88: 639 | N88: 35-44 | O88: bachelors | P88: 6-15_km | Q88: 3 | R88: meets | S88: 2 | T88: 73000.00
A89: E000088 | B89: 2023-11-10 | C89: Design | D89: Product & Technology | E89: EMEA | F89: Product Design Senior Specialist | G89: design | H89: senior | I89: active | J89: 2023-11-10 | M89: 782 | N89: 45-54 | O89: bachelors | P89: 6-15_km | Q89: 3 | R89: meets | S89: 2 | T89: 107500.00
A90: E000089 | B90: 2024-01-08 | C90: Sales | D90: Revenue | E90: NA | F90: Account Associate | G90: sales | H90: associate | I90: active | J90: 2024-01-08 | M90: 723 | N90: 25-34 | O90: professional | P90: 16-30_km | Q90: 3 | R90: meets | S90: 2 | T90: 63500.00
A91: E000090 | B91: 2023-04-22 | C91: Customer Success | D91: Revenue | E91: EMEA | F91: Account Specialist | G91: sales | H91: specialist | I91: active | J91: 2023-04-22 | M91: 984 | N91: 25-34 | O91: masters | P91: remote | Q91: 3 | R91: meets | S91: 3 | T91: 103000.00
A92: E000091 | B92: 2023-04-25 | C92: Marketing | D92: Revenue | E92: APAC | F92: Growth Marketing Associate | G92: marketing | H92: associate | I92: active | J92: 2023-04-25 | M92: 981 | N92: 25-34 | O92: bachelors | P92: 31+_km | Q92: 3 | R92: meets | S92: 3 | T92: 64500.00
A93: E000092 | B93: 2023-05-17 | C93: Finance | D93: Corporate | E93: NA | F93: Financial Planning Associate | G93: finance | H93: associate | I93: active | J93: 2023-05-17 | M93: 959 | N93: 25-34 | O93: masters | P93: remote | Q93: 3 | R93: meets | S93: 3 | T93: 75000.00
A94: E000093 | B94: 2023-08-29 | C94: People Operations | D94: Corporate | E94: EMEA | F94: Operations Senior Specialist | G94: operations | H94: senior | I94: terminated | J94: 2023-08-29 | K94: 2025-09-04 | L94: involuntary | M94: 737 | N94: 35-44 | O94: bachelors | P94: 6-15_km | Q94: 3 | R94: meets | S94: 2 | T94: 137000.00
A95: E000094 | B95: 2025-02-27 | C95: Legal & Compliance | D95: Corporate | E95: NA | F95: Legal & Compliance Associate | G95: legal | H95: associate | I95: active | J95: 2025-02-27 | M95: 307 | N95: 45-54 | O95: bachelors | P95: 16-30_km | Q95: 4 | R95: exceeds | S95: 1 | T95: 73000.00
A96: E000095 | B96: 2024-04-20 | C96: Supply Chain | D96: Operations | E96: APAC | F96: Supply Chain Associate | G96: supply_chain | H96: associate | I96: active | J96: 2024-04-20 | M96: 620 | N96: 18-24 | O96: masters | P96: 31+_km | Q96: 3 | R96: meets | S96: 2 | T96: 63000.00
A97: E000096 | B97: 2025-03-25 | C97: Business Operations | D97: Operations | E97: LATAM | F97: Operations Specialist | G97: operations | H97: specialist | I97: active | J97: 2025-03-25 | M97: 281 | N97: 25-34 | O97: bachelors | P97: 16-30_km | Q97: 2 | R97: needs_support | S97: 1 | T97: 88500.00
A98: E000097 | B98: 2023-08-21 | C98: Engineering | D98: Product & Technology | E98: NA | F98: Software Engineering Senior Specialist | G98: engineering | H98: senior | I98: terminated | J98: 2023-08-21 | K98: 2024-05-12 | L98: voluntary | M98: 265 | N98: 25-34 | O98: bachelors | P98: remote | Q98: 3 | R98: meets | S98: 1 | T98: 117500.00
A99: E000098 | B99: 2025-01-18 | C99: Data & Analytics | D99: Product & Technology | E99: NA | F99: Analytics Specialist | G99: analytics | H99: specialist | I99: active | J99: 2025-01-18 | M99: 347 | N99: 25-34 | O99: associate | P99: remote | Q99: 3 | R99: meets | S99: 1 | T99: 93000.00
A100: E000099 | B100: 2024-07-09 | C100: Product | D100: Product & Technology | E100: EMEA | F100: Analytics Associate | G100: analytics | H100: associate | I100: terminated | J100: 2024-07-09 | K100: 2025-01-08 | L100: retirement | M100: 183 | N100: 45-54 | O100: professional | P100: remote | Q100: 3 | R100: meets | S100: 1 | T100: 63000.00
...

Sheet Clean_data
A1: employee_id | B1: hire_date | C1: department_name | D1: business_unit | E1: region | F1: role_title | G1: job_family | H1: job_level | I1: employment_status | J1: started_at | K1: ended_at | L1: termination_type | M1: tenure_days | N1: age_band | O1: education_level | P1: commute_band | Q1: latest_review_score | R1: latest_review_outcome | S1: review_count | T1: base_salary | U1: Review_status | V1: Review_Outcome_Clean | W1: Attrition_Flag | X1: Attrition_Status | Y1: Tenure_Years | Z1: Tenure_Band | AA1: Salary_Band
A2: E000001 | B2: 45782 | C2: Engineering | D2: Product & Technology | E2: NA | F2: Software Engineering Specialist | G2: engineering | H2: specialist | I2: active | J2: 45782 | M2: 240 | N2: 25-34 | O2: masters | P2: remote | Q2: 4 | R2: exceeds | S2: 1 | T2: 99500 | U2: =IF(LOWER(TRIM(Q2&""))="none","Not Reviewed","Reviewed") -> Reviewed | V2: =IF(OR(Q2="none",R2=""),"Not Reviewed",R2) -> exceeds | W2: =IF(I2="terminated",1,0) -> 0 | X2: =IF(I2="terminated","Attrited","Active") -> Active | Y2: =M2/365 -> 0.65753425 | Z2: =IF(Y2<1,"<1 Year",IF(Y2<2,"1–2 Years",IF(Y2<3,"2–3 Years","3+ Years"))) -> <1 Year | AA2: =IF(T2<70000,"<70K",IF(T2<100000,"70K–99K",IF(T2<130000,"100K–129K","130K+"))) -> 70K–99K
A3: E000002 | B3: 45140 | C3: Data & Analytics | D3: Product & Technology | E3: NA | F3: Analytics Specialist | G3: analytics | H3: specialist | I3: active | J3: 45140 | M3: 882 | N3: 25-34 | O3: masters | P3: remote | Q3: 3 | R3: meets | S3: 2 | T3: 98000 | U3: =IF(LOWER(TRIM(Q3&""))="none","Not Reviewed","Reviewed") -> Reviewed | V3: =IF(OR(Q3="none",R3=""),"Not Reviewed",R3) -> meets | W3: =IF(I3="terminated",1,0) -> 0 | X3: =IF(I3="terminated","Attrited","Active") -> Active | Y3: =M3/365 -> 2.4164384 | Z3: =IF(Y3<1,"<1 Year",IF(Y3<2,"1–2 Years",IF(Y3<3,"2–3 Years","3+ Years"))) -> 2–3 Years | AA3: =IF(T3<70000,"<70K",IF(T3<100000,"70K–99K",IF(T3<130000,"100K–129K","130K+"))) -> 70K–99K
A4: E000003 | B4: 45328 | C4: Product | D4: Product & Technology | E4: EMEA | F4: Product Management Associate | G4: product | H4: associate | I4: active | J4: 45328 | M4: 694 | N4: 25-34 | O4: masters | P4: 31+_km | Q4: 3 | R4: meets | S4: 2 | T4: 60000 | U4: =IF(LOWER(TRIM(Q4&""))="none","Not Reviewed","Reviewed") -> Reviewed | V4: =IF(OR(Q4="none",R4=""),"Not Reviewed",R4) -> meets | W4: =IF(I4="terminated",1,0) -> 0 | X4: =IF(I4="terminated","Attrited","Active") -> Active | Y4: =M4/365 -> 1.9013699 | Z4: =IF(Y4<1,"<1 Year",IF(Y4<2,"1–2 Years",IF(Y4<3,"2–3 Years","3+ Years"))) -> 1–2 Years | AA4: =IF(T4<70000,"<70K",IF(T4<100000,"70K–99K",IF(T4<130000,"100K–129K","130K+"))) -> <70K
A5: E000004 | B5: 45603 | C5: Design | D5: Product & Technology | E5: EMEA | F5: Product Design Senior Specialist | G5: design | H5: senior | I5: terminated | J5: 45603 | K5: 45805 | L5: voluntary | M5: 202 | N5: 35-44 | O5: masters | P5: remote | Q5: 2 | R5: needs_support | S5: 1 | T5: 132500 | U5: =IF(LOWER(TRIM(Q5&""))="none","Not Reviewed","Reviewed") -> Reviewed | V5: =IF(OR(Q5="none",R5=""),"Not Reviewed",R5) -> needs_support | W5: =IF(I5="terminated",1,0) -> 1 | X5: =IF(I5="terminated","Attrited","Active") -> Attrited | Y5: =M5/365 -> 0.55342466 | Z5: =IF(Y5<1,"<1 Year",IF(Y5<2,"1–2 Years",IF(Y5<3,"2–3 Years","3+ Years"))) -> <1 Year | AA5: =IF(T5<70000,"<70K",IF(T5<100000,"70K–99K",IF(T5<130000,"100K–129K","130K+"))) -> 130K+
A6: E000005 | B6: 45274 | C6: Sales | D6: Revenue | E6: NA | F6: Account Associate | G6: sales | H6: associate | I6: active | J6: 45274 | M6: 748 | N6: 25-34 | O6: masters | P6: remote | Q6: 3 | R6: meets | S6: 2 | T6: 73500 | U6: =IF(LOWER(TRIM(Q6&""))="none","Not Reviewed","Reviewed") -> Reviewed | V6: =IF(OR(Q6="none",R6=""),"Not Reviewed",R6) -> meets | W6: =IF(I6="terminated",1,0) -> 0 | X6: =IF(I6="terminated","Attrited","Active") -> Active | Y6: =M6/365 -> 2.0493151 | Z6: =IF(Y6<1,"<1 Year",IF(Y6<2,"1–2 Years",IF(Y6<3,"2–3 Years","3+ Years"))) -> 2–3 Years | AA6: =IF(T6<70000,"<70K",IF(T6<100000,"70K–99K",IF(T6<130000,"100K–129K","130K+"))) -> 70K–99K
A7: E000006 | B7: 45627 | C7: Customer Success | D7: Revenue | E7: EMEA | F7: Customer Success Specialist | G7: customer_success | H7: specialist | I7: active | J7: 45627 | M7: 395 | N7: 35-44 | O7: bachelors | P7: 6-15_km | Q7: 3 | R7: meets | S7: 1 | T7: 81500 | U7: =IF(LOWER(TRIM(Q7&""))="none","Not Reviewed","Reviewed") -> Reviewed | V7: =IF(OR(Q7="none",R7=""),"Not Reviewed",R7) -> meets | W7: =IF(I7="terminated",1,0) -> 0 | X7: =IF(I7="terminated","Attrited","Active") -> Active | Y7: =M7/365 -> 1.0821918 | Z7: =IF(Y7<1,"<1 Year",IF(Y7<2,"1–2 Years",IF(Y7<3,"2–3 Years","3+ Years"))) -> 1–2 Years | AA7: =IF(T7<70000,"<70K",IF(T7<100000,"70K–99K",IF(T7<130000,"100K–129K","130K+"))) -> 70K–99K
A8: E000007 | B8: 45647 | C8: Marketing | D8: Revenue | E8: APAC | F8: Growth Marketing Specialist | G8: marketing | H8: specialist | I8: active | J8: 45647 | M8: 375 | N8: 25-34 | O8: masters | P8: remote | Q8: 2 | R8: needs_support | S8: 1 | T8: 95000 | U8: =IF(LOWER(TRIM(Q8&""))="none","Not Reviewed","Reviewed") -> Reviewed | V8: =IF(OR(Q8="none",R8=""),"Not Reviewed",R8) -> needs_support | W8: =IF(I8="terminated",1,0) -> 0 | X8: =IF(I8="terminated","Attrited","Active") -> Active | Y8: =M8/365 -> 1.0273973 | Z8: =IF(Y8<1,"<1 Year",IF(Y8<2,"1–2 Years",IF(Y8<3,"2–3 Years","3+ Years"))) -> 1–2 Years | AA8: =IF(T8<70000,"<70K",IF(T8<100000,"70K–99K",IF(T8<130000,"100K–129K","130K+"))) -> 70K–99K
A9: E000008 | B9: 45497 | C9: Finance | D9: Corporate | E9: NA | F9: Financial Planning Senior Specialist | G9: finance | H9: senior | I9: terminated | J9: 45497 | K9: 45733 | L9: voluntary | M9: 236 | N9: 45-54 | O9: masters | P9: 31+_km | Q9: 4 | R9: exceeds | S9: 1 | T9: 103500 | U9: =IF(LOWER(TRIM(Q9&""))="none","Not Reviewed","Reviewed") -> Reviewed | V9: =IF(OR(Q9="none",R9=""),"Not Reviewed",R9) -> exceeds | W9: =IF(I9="terminated",1,0) -> 1 | X9: =IF(I9="terminated","Attrited","Active") -> Attrited | Y9: =M9/365 -> 0.64657534 | Z9: =IF(Y9<1,"<1 Year",IF(Y9<2,"1–2 Years",IF(Y9<3,"2–3 Years","3+ Years"))) -> <1 Year | AA9: =IF(T9<70000,"<70K",IF(T9<100000,"70K–99K",IF(T9<130000,"100K–129K","130K+"))) -> 100K–129K
A10: E000009 | B10: 45066 | C10: People Operations | D10: Corporate | E10: EMEA | F10: People Operations Senior Specialist | G10: people | H10: senior | I10: active | J10: 45066 | M10: 956 | N10: 35-44 | O10: bachelors | P10: 31+_km | Q10: 2 | R10: needs_support | S10: 3 | T10: 136000 | U10: =IF(LOWER(TRIM(Q10&""))="none","Not Reviewed","Reviewed") -> Reviewed | V10: =IF(OR(Q10="none",R10=""),"Not Reviewed",R10) -> needs_support | W10: =IF(I10="terminated",1,0) -> 0 | X10: =IF(I10="terminated","Attrited","Active") -> Active | Y10: =M10/365 -> 2.6191781 | Z10: =IF(Y10<1,"<1 Year",IF(Y10<2,"1–2 Years",IF(Y10<3,"2–3 Years","3+ Years"))) -> 2–3 Years | AA10: =IF(T10<70000,"<70K",IF(T10<100000,"70K–99K",IF(T10<130000,"100K–129K","130K+"))) -> 130K+
A11: E000010 | B11: 45397 | C11: Legal & Compliance | D11: Corporate | E11: NA | F11: Legal & Compliance Specialist | G11: legal | H11: specialist | I11: terminated | J11: 45397 | K11: 45941 | L11: retirement | M11: 544 | N11: 25-34 | O11: bachelors | P11: remote | Q11: 4 | R11: exceeds | S11: 1 | T11: 74000 | U11: =IF(LOWER(TRIM(Q11&""))="none","Not Reviewed","Reviewed") -> Reviewed | V11: =IF(OR(Q11="none",R11=""),"Not Reviewed",R11) -> exceeds | W11: =IF(I11="terminated",1,0) -> 1 | X11: =IF(I11="terminated","Attrited","Active") -> Attrited | Y11: =M11/365 -> 1.490411 | Z11: =IF(Y11<1,"<1 Year",IF(Y11<2,"1–2 Years",IF(Y11<3,"2–3 Years","3+ Years"))) -> 1–2 Years | AA11: =IF(T11<70000,"<70K",IF(T11<100000,"70K–99K",IF(T11<130000,"100K–129K","130K+"))) -> 70K–99K
A12: E000011 | B12: 45639 | C12: Supply Chain | D12: Operations | E12: APAC | F12: Supply Chain Senior Specialist | G12: supply_chain | H12: senior | I12: active | J12: 45639 | M12: 383 | N12: 25-34 | O12: bachelors | P12: 6-15_km | Q12: 1 | R12: needs_support | S12: 1 | T12: 118000 | U12: =IF(LOWER(TRIM(Q12&""))="none","Not Reviewed","Reviewed") -> Reviewed | V12: =IF(OR(Q12="none",R12=""),"Not Reviewed",R12) -> needs_support | W12: =IF(I12="terminated",1,0) -> 0 | X12: =IF(I12="terminated","Attrited","Active") -> Active | Y12: =M12/365 -> 1.0493151 | Z12: =IF(Y12<1,"<1 Year",IF(Y12<2,"1–2 Years",IF(Y12<3,"2–3 Years","3+ Years"))) -> 1–2 Years | AA12: =IF(T12<70000,"<70K",IF(T12<100000,"70K–99K",IF(T12<130000,"100K–129K","130K+"))) -> 100K–129K
A13: E000012 | B13: 45882 | C13: Business Operations | D13: Operations | E13: LATAM | F13: Operations Specialist | G13: operations | H13: specialist | I13: active | J13: 45882 | M13: 140 | N13: 25-34 | O13: bachelors | P13: 6-15_km | Q13: None | S13: 0 | T13: 81000 | U13: =IF(LOWER(TRIM(Q13&""))="none","Not Reviewed","Reviewed") -> Not Reviewed | V13: =IF(OR(Q13="none",R13=""),"Not Reviewed",R13) -> Not Reviewed | W13: =IF(I13="terminated",1,0) -> 0 | X13: =IF(I13="terminated","Attrited","Active") -> Active | Y13: =M13/365 -> 0.38356164 | Z13: =IF(Y13<1,"<1 Year",IF(Y13<2,"1–2 Years",IF(Y13<3,"2–3 Years","3+ Years"))) -> <1 Year | AA13: =IF(T13<70000,"<70K",IF(T13<100000,"70K–99K",IF(T13<130000,"100K–129K","130K+"))) -> 70K–99K
A14: E000013 | B14: 45273 | C14: Engineering | D14: Product & Technology | E14: NA | F14: Software Engineering Specialist | G14: engineering | H14: specialist | I14: active | J14: 45273 | M14: 749 | N14: 35-44 | O14: bachelors | P14: 31+_km | Q14: 4 | R14: exceeds | S14: 2 | T14: 96000 | U14: =IF(LOWER(TRIM(Q14&""))="none","Not Reviewed","Reviewed") -> Reviewed | V14: =IF(OR(Q14="none",R14=""),"Not Reviewed",R14) -> exceeds | W14: =IF(I14="terminated",1,0) -> 0 | X14: =IF(I14="terminated","Attrited","Active") -> Active | Y14: =M14/365 -> 2.0520548 | Z14: =IF(Y14<1,"<1 Year",IF(Y14<2,"1–2 Years",IF(Y14<3,"2–3 Years","3+ Years"))) -> 2–3 Years | AA14: =IF(T14<70000,"<70K",IF(T14<100000,"70K–99K",IF(T14<130000,"100K–129K","130K+"))) -> 70K–99K
A15: E000014 | B15: 45252 | C15: Data & Analytics | D15: Product & Technology | E15: NA | F15: Analytics Specialist | G15: analytics | H15: specialist | I15: active | J15: 45252 | M15: 770 | N15: 35-44 | O15: associate | P15: 6-15_km | Q15: 4 | R15: exceeds | S15: 2 | T15: 100000 | U15: =IF(LOWER(TRIM(Q15&""))="none","Not Reviewed","Reviewed") -> Reviewed | V15: =IF(OR(Q15="none",R15=""),"Not Reviewed",R15) -> exceeds | W15: =IF(I15="terminated",1,0) -> 0 | X15: =IF(I15="terminated","Attrited","Active") -> Active | Y15: =M15/365 -> 2.109589 | Z15: =IF(Y15<1,"<1 Year",IF(Y15<2,"1–2 Years",IF(Y15<3,"2–3 Years","3+ Years"))) -> 2–3 Years | AA15: =IF(T15<70000,"<70K",IF(T15<100000,"70K–99K",IF(T15<130000,"100K–129K","130K+"))) -> 100K–129K
A16: E000015 | B16: 45376 | C16: Product | D16: Product & Technology | E16: EMEA | F16: Analytics Senior Specialist | G16: analytics | H16: senior | I16: active | J16: 45376 | M16: 646 | N16: 45-54 | O16: masters | P16: 6-15_km | Q16: 2 | R16: needs_support | S16: 2 | T16: 110500 | U16: =IF(LOWER(TRIM(Q16&""))="none","Not Reviewed","Reviewed") -> Reviewed | V16: =IF(OR(Q16="none",R16=""),"Not Reviewed",R16) -> needs_support | W16: =IF(I16="terminated",1,0) -> 0 | X16: =IF(I16="terminated","Attrited","Active") -> Active | Y16: =M16/365 -> 1.769863 | Z16: =IF(Y16<1,"<1 Year",IF(Y16<2,"1–2 Years",IF(Y16<3,"2–3 Years","3+ Years"))) -> 1–2 Years | AA16: =IF(T16<70000,"<70K",IF(T16<100000,"70K–99K",IF(T16<130000,"100K–129K","130K+"))) -> 100K–129K
A17: E000016 | B17: 45572 | C17: Design | D17: Product & Technology | E17: EMEA | F17: Product Design Specialist | G17: design | H17: specialist | I17: active | J17: 45572 | M17: 450 | N17: 35-44 | O17: bachelors | P17: remote | Q17: 3 | R17: meets | S17: 1 | T17: 90500 | U17: =IF(LOWER(TRIM(Q17&""))="none","Not Reviewed","Reviewed") -> Reviewed | V17: =IF(OR(Q17="none",R17=""),"Not Reviewed",R17) -> meets | W17: =IF(I17="terminated",1,0) -> 0 | X17: =IF(I17="terminated","Attrited","Active") -> Active | Y17: =M17/365 -> 1.2328767 | Z17: =IF(Y17<1,"<1 Year",IF(Y17<2,"1–2 Years",IF(Y17<3,"2–3 Years","3+ Years"))) -> 1–2 Years | AA17: =IF(T17<70000,"<70K",IF(T17<100000,"70K–99K",IF(T17<130000,"100K–129K","130K+"))) -> 70K–99K
A18: E000017 | B18: 45899 | C18: Sales | D18: Revenue | E18: NA | F18: Account Associate | G18: sales | H18: associate | I18: active | J18: 45899 | M18: 123 | N18: 25-34 | O18: masters | P18: 6-15_km | Q18: None | S18: 0 | T18: 58000 | U18: =IF(LOWER(TRIM(Q18&""))="none","Not Reviewed","Reviewed") -> Not Reviewed | V18: =IF(OR(Q18="none",R18=""),"Not Reviewed",R18) -> Not Reviewed | W18: =IF(I18="terminated",1,0) -> 0 | X18: =IF(I18="terminated","Attrited","Active") -> Active | Y18: =M18/365 -> 0.3369863 | Z18: =IF(Y18<1,"<1 Year",IF(Y18<2,"1–2 Years",IF(Y18<3,"2–3 Years","3+ Years"))) -> <1 Year | AA18: =IF(T18<70000,"<70K",IF(T18<100000,"70K–99K",IF(T18<130000,"100K–129K","130K+"))) -> <70K
A19: E000018 | B19: 45387 | C19: Customer Success | D19: Revenue | E19: EMEA | F19: Customer Success Associate | G19: customer_success | H19: associate | I19: terminated | J19: 45387 | K19: 45670 | L19: voluntary | M19: 283 | N19: 45-54 | O19: high_school | P19: 31+_km | Q19: 3 | R19: meets | S19: 1 | T19: 59000 | U19: =IF(LOWER(TRIM(Q19&""))="none","Not Reviewed","Reviewed") -> Reviewed | V19: =IF(OR(Q19="none",R19=""),"Not Reviewed",R19) -> meets | W19: =IF(I19="terminated",1,0) -> 1 | X19: =IF(I19="terminated","Attrited","Active") -> Attrited | Y19: =M19/365 -> 0.77534247 | Z19: =IF(Y19<1,"<1 Year",IF(Y19<2,"1–2 Years",IF(Y19<3,"2–3 Years","3+ Years"))) -> <1 Year | AA19: =IF(T19<70000,"<70K",IF(T19<100000,"70K–99K",IF(T19<130000,"100K–129K","130K+"))) -> <70K
A20: E000019 | B20: 45222 | C20: Marketing | D20: Revenue | E20: APAC | F20: Analytics Senior Specialist | G20: analytics | H20: senior | I20: active | J20: 45222 | M20: 800 | N20: 35-44 | O20: bachelors | P20: 16-30_km | Q20: 3 | R20: meets | S20: 2 | T20: 127000 | U20: =IF(LOWER(TRIM(Q20&""))="none","Not Reviewed","Reviewed") -> Reviewed | V20: =IF(OR(Q20="none",R20=""),"Not Reviewed",R20) -> meets | W20: =IF(I20="terminated",1,0) -> 0 | X20: =IF(I20="terminated","Attrited","Active") -> Active | Y20: =M20/365 -> 2.1917808 | Z20: =IF(Y20<1,"<1 Year",IF(Y20<2,"1–2 Years",IF(Y20<3,"2–3 Years","3+ Years"))) -> 2–3 Years | AA20: =IF(T20<70000,"<70K",IF(T20<100000,"70K–99K",IF(T20<130000,"100K–129K","130K+"))) -> 100K–129K
A21: E000020 | B21: 45634 | C21: Finance | D21: Corporate | E21: NA | F21: Analytics Lead | G21: analytics | H21: lead | I21: active | J21: 45634 | M21: 388 | N21: 25-34 | O21: bachelors | P21: 16-30_km | Q21: 3 | R21: meets | S21: 1 | T21: 135000 | U21: =IF(LOWER(TRIM(Q21&""))="none","Not Reviewed","Reviewed") -> Reviewed | V21: =IF(OR(Q21="none",R21=""),"Not Reviewed",R21) -> meets | W21: =IF(I21="terminated",1,0) -> 0 | X21: =IF(I21="terminated","Attrited","Active") -> Active | Y21: =M21/365 -> 1.0630137 | Z21: =IF(Y21<1,"<1 Year",IF(Y21<2,"1–2 Years",IF(Y21<3,"2–3 Years","3+ Years"))) -> 1–2 Years | AA21: =IF(T21<70000,"<70K",IF(T21<100000,"70K–99K",IF(T21<130000,"100K–129K","130K+"))) -> 130K+
A22: E000021 | B22: 45755 | C22: People Operations | D22: Corporate | E22: EMEA | F22: People Operations Associate | G22: people | H22: associate | I22: active | J22: 45755 | M22: 267 | N22: 25-34 | O22: masters | P22: 6-15_km | Q22: 3 | R22: meets | S22: 1 | T22: 62000 | U22: =IF(LOWER(TRIM(Q22&""))="none","Not Reviewed","Reviewed") -> Reviewed | V22: =IF(OR(Q22="none",R22=""),"Not Reviewed",R22) -> meets | W22: =IF(I22="terminated",1,0) -> 0 | X22: =IF(I22="terminated","Attrited","Active") -> Active | Y22: =M22/365 -> 0.73150685 | Z22: =IF(Y22<1,"<1 Year",IF(Y22<2,"1–2 Years",IF(Y22<3,"2–3 Years","3+ Years"))) -> <1 Year | AA22: =IF(T22<70000,"<70K",IF(T22<100000,"70K–99K",IF(T22<130000,"100K–129K","130K+"))) -> <70K
A23: E000022 | B23: 45250 | C23: Legal & Compliance | D23: Corporate | E23: NA | F23: Operations Associate | G23: operations | H23: associate | I23: active | J23: 45250 | M23: 772 | N23: 45-54 | O23: masters | P23: 6-15_km | Q23: 3 | R23: meets | S23: 2 | T23: 61500 | U23: =IF(LOWER(TRIM(Q23&""))="none","Not Reviewed","Reviewed") -> Reviewed | V23: =IF(OR(Q23="none",R23=""),"Not Reviewed",R23) -> meets | W23: =IF(I23="terminated",1,0) -> 0 | X23: =IF(I23="terminated","Attrited","Active") -> Active | Y23: =M23/365 -> 2.1150685 | Z23: =IF(Y23<1,"<1 Year",IF(Y23<2,"1–2 Years",IF(Y23<3,"2–3 Years","3+ Years"))) -> 2–3 Years | AA23: =IF(T23<70000,"<70K",IF(T23<100000,"70K–99K",IF(T23<130000,"100K–129K","130K+"))) -> <70K
A24: E000023 | B24: 45501 | C24: Supply Chain | D24: Operations | E24: APAC | F24: Supply Chain Specialist | G24: supply_chain | H24: specialist | I24: active | J24: 45501 | M24: 521 | N24: 25-34 | O24: bachelors | P24: remote | Q24: 1 | R24: needs_support | S24: 1 | T24: 104500 | U24: =IF(LOWER(TRIM(Q24&""))="none","Not Reviewed","Reviewed") -> Reviewed | V24: =IF(OR(Q24="none",R24=""),"Not Reviewed",R24) -> needs_support | W24: =IF(I24="terminated",1,0) -> 0 | X24: =IF(I24="terminated","Attrited","Active") -> Active | Y24: =M24/365 -> 1.4273973 | Z24: =IF(Y24<1,"<1 Year",IF(Y24<2,"1–2 Years",IF(Y24<3,"2–3 Years","3+ Years"))) -> 1–2 Years | AA24: =IF(T24<70000,"<70K",IF(T24<100000,"70K–99K",IF(T24<130000,"100K–129K","130K+"))) -> 100K–129K
A25: E000024 | B25: 45465 | C25: Business Operations | D25: Operations | E25: LATAM | F25: Operations Associate | G25: operations | H25: associate | I25: terminated | J25: 45465 | K25: 45731 | L25: voluntary | M25: 266 | N25: 45-54 | O25: bachelors | P25: remote | Q25: 3 | R25: meets | S25: 1 | T25: 65500 | U25: =IF(LOWER(TRIM(Q25&""))="none","Not Reviewed","Reviewed") -> Reviewed | V25: =IF(OR(Q25="none",R25=""),"Not Reviewed",R25) -> meets | W25: =IF(I25="terminated",1,0) -> 1 | X25: =IF(I25="terminated","Attrited","Active") -> Attrited | Y25: =M25/365 -> 0.72876712 | Z25: =IF(Y25<1,"<1 Year",IF(Y25<2,"1–2 Years",IF(Y25<3,"2–3 Years","3+ Years"))) -> <1 Year | AA25: =IF(T25<70000,"<70K",IF(T25<100000,"70K–99K",IF(T25<130000,"100K–129K","130K+"))) -> <70K
A26: E000025 | B26: 45532 | C26: Engineering | D26: Product & Technology | E26: NA | F26: Software Engineering Specialist | G26: engineering | H26: specialist | I26: active | J26: 45532 | M26: 490 | N26: 35-44 | O26: high_school | P26: 6-15_km | Q26: 5 | R26: outstanding | S26: 1 | T26: 85000 | U26: =IF(LOWER(TRIM(Q26&""))="none","Not Reviewed","Reviewed") -> Reviewed | V26: =IF(OR(Q26="none",R26=""),"Not Reviewed",R26) -> outstanding | W26: =IF(I26="terminated",1,0) -> 0 | X26: =IF(I26="terminated","Attrited","Active") -> Active | Y26: =M26/365 -> 1.3424658 | Z26: =IF(Y26<1,"<1 Year",IF(Y26<2,"1–2 Years",IF(Y26<3,"2–3 Years","3+ Years"))) -> 1–2 Years | AA26: =IF(T26<70000,"<70K",IF(T26<100000,"70K–99K",IF(T26<130000,"100K–129K","130K+"))) -> 70K–99K
A27: E000026 | B27: 45750 | C27: Data & Analytics | D27: Product & Technology | E27: NA | F27: Software Engineering Senior Specialist | G27: engineering | H27: senior | I27: active | J27: 45750 | M27: 272 | N27: 18-24 | O27: masters | P27: 6-15_km | Q27: 4 | R27: exceeds | S27: 1 | T27: 140000 | U27: =IF(LOWER(TRIM(Q27&""))="none","Not Reviewed","Reviewed") -> Reviewed | V27: =IF(OR(Q27="none",R27=""),"Not Reviewed",R27) -> exceeds | W27: =IF(I27="terminated",1,0) -> 0 | X27: =IF(I27="terminated","Attrited","Active") -> Active | Y27: =M27/365 -> 0.74520548 | Z27: =IF(Y27<1,"<1 Year",IF(Y27<2,"1–2 Years",IF(Y27<3,"2–3 Years","3+ Years"))) -> <1 Year | AA27: =IF(T27<70000,"<70K",IF(T27<100000,"70K–99K",IF(T27<130000,"100K–129K","130K+"))) -> 130K+
A28: E000027 | B28: 45104 | C28: Product | D28: Product & Technology | E28: EMEA | F28: Analytics Specialist | G28: analytics | H28: specialist | I28: active | J28: 45104 | M28: 918 | N28: 25-34 | O28: high_school | P28: 6-15_km | Q28: 3 | R28: meets | S28: 3 | T28: 78500 | U28: =IF(LOWER(TRIM(Q28&""))="none","Not Reviewed","Reviewed") -> Reviewed | V28: =IF(OR(Q28="none",R28=""),"Not Reviewed",R28) -> meets | W28: =IF(I28="terminated",1,0) -> 0 | X28: =IF(I28="terminated","Attrited","Active") -> Active | Y28: =M28/365 -> 2.5150685 | Z28: =IF(Y28<1,"<1 Year",IF(Y28<2,"1–2 Years",IF(Y28<3,"2–3 Years","3+ Years"))) -> 2–3 Years | AA28: =IF(T28<70000,"<70K",IF(T28<100000,"70K–99K",IF(T28<130000,"100K–129K","130K+"))) -> 70K–99K
A29: E000028 | B29: 45889 | C29: Design | D29: Product & Technology | E29: EMEA | F29: Product Design Senior Specialist | G29: design | H29: senior | I29: active | J29: 45889 | M29: 133 | N29: 25-34 | O29: masters | P29: remote | Q29: None | S29: 0 | T29: 140500 | U29: =IF(LOWER(TRIM(Q29&""))="none","Not Reviewed","Reviewed") -> Not Reviewed | V29: =IF(OR(Q29="none",R29=""),"Not Reviewed",R29) -> Not Reviewed | W29: =IF(I29="terminated",1,0) -> 0 | X29: =IF(I29="terminated","Attrited","Active") -> Active | Y29: =M29/365 -> 0.36438356 | Z29: =IF(Y29<1,"<1 Year",IF(Y29<2,"1–2 Years",IF(Y29<3,"2–3 Years","3+ Years"))) -> <1 Year | AA29: =IF(T29<70000,"<70K",IF(T29<100000,"70K–99K",IF(T29<130000,"100K–129K","130K+"))) -> 130K+
A30: E000029 | B30: 45445 | C30: Sales | D30: Revenue | E30: NA | F30: Account Associate | G30: sales | H30: associate | I30: active | J30: 45445 | M30: 577 | N30: 35-44 | O30: masters | P30: 6-15_km | Q30: 3 | R30: meets | S30: 2 | T30: 62000 | U30: =IF(LOWER(TRIM(Q30&""))="none","Not Reviewed","Reviewed") -> Reviewed | V30: =IF(OR(Q30="none",R30=""),"Not Reviewed",R30) -> meets | W30: =IF(I30="terminated",1,0) -> 0 | X30: =IF(I30="terminated","Attrited","Active") -> Active | Y30: =M30/365 -> 1.5808219 | Z30: =IF(Y30<1,"<1 Year",IF(Y30<2,"1–2 Years",IF(Y30<3,"2–3 Years","3+ Years"))) -> 1–2 Years | AA30: =IF(T30<70000,"<70K",IF(T30<100000,"70K–99K",IF(T30<130000,"100K–129K","130K+"))) -> <70K
A31: E000030 | B31: 45225 | C31: Customer Success | D31: Revenue | E31: EMEA | F31: Customer Success Specialist | G31: customer_success | H31: specialist | I31: active | J31: 45225 | M31: 797 | N31: 35-44 | O31: associate | P31: remote | Q31: 4 | R31: exceeds | S31: 2 | T31: 77000 | U31: =IF(LOWER(TRIM(Q31&""))="none","Not Reviewed","Reviewed") -> Reviewed | V31: =IF(OR(Q31="none",R31=""),"Not Reviewed",R31) -> exceeds | W31: =IF(I31="terminated",1,0) -> 0 | X31: =IF(I31="terminated","Attrited","Active") -> Active | Y31: =M31/365 -> 2.1835616 | Z31: =IF(Y31<1,"<1 Year",IF(Y31<2,"1–2 Years",IF(Y31<3,"2–3 Years","3+ Years"))) -> 2–3 Years | AA31: =IF(T31<70000,"<70K",IF(T31<100000,"70K–99K",IF(T31<130000,"100K–129K","130K+"))) -> 70K–99K
A32: E000031 | B32: 45658 | C32: Marketing | D32: Revenue | E32: APAC | F32: Growth Marketing Specialist | G32: marketing | H32: specialist | I32: active | J32: 45658 | M32: 364 | N32: 35-44 | O32: bachelors | P32: 31+_km | Q32: 4 | R32: exceeds | S32: 1 | T32: 89500 | U32: =IF(LOWER(TRIM(Q32&""))="none","Not Reviewed","Reviewed") -> Reviewed | V32: =IF(OR(Q32="none",R32=""),"Not Reviewed",R32) -> exceeds | W32: =IF(I32="terminated",1,0) -> 0 | X32: =IF(I32="terminated","Attrited","Active") -> Active | Y32: =M32/365 -> 0.99726027 | Z32: =IF(Y32<1,"<1 Year",IF(Y32<2,"1–2 Years",IF(Y32<3,"2–3 Years","3+ Years"))) -> <1 Year | AA32: =IF(T32<70000,"<70K",IF(T32<100000,"70K–99K",IF(T32<130000,"100K–129K","130K+"))) -> 70K–99K
A33: E000032 | B33: 44996 | C33: Finance | D33: Corporate | E33: NA | F33: Financial Planning Associate | G33: finance | H33: associate | I33: active | J33: 44996 | M33: 1026 | N33: 18-24 | O33: masters | P33: 6-15_km | Q33: 2 | R33: needs_support | S33: 3 | T33: 63000 | U33: =IF(LOWER(TRIM(Q33&""))="none","Not Reviewed","Reviewed") -> Reviewed | V33: =IF(OR(Q33="none",R33=""),"Not Reviewed",R33) -> needs_support | W33: =IF(I33="terminated",1,0) -> 0 | X33: =IF(I33="terminated","Attrited","Active") -> Active | Y33: =M33/365 -> 2.8109589 | Z33: =IF(Y33<1,"<1 Year",IF(Y33<2,"1–2 Years",IF(Y33<3,"2–3 Years","3+ Years"))) -> 2–3 Years | AA33: =IF(T33<70000,"<70K",IF(T33<100000,"70K–99K",IF(T33<130000,"100K–129K","130K+"))) -> <70K
A34: E000033 | B34: 45543 | C34: People Operations | D34: Corporate | E34: EMEA | F34: People Operations Specialist | G34: people | H34: specialist | I34: active | J34: 45543 | M34: 479 | N34: 35-44 | O34: high_school | P34: 6-15_km | Q34: 2 | R34: needs_support | S34: 1 | T34: 72500 | U34: =IF(LOWER(TRIM(Q34&""))="none","Not Reviewed","Reviewed") -> Reviewed | V34: =IF(OR(Q34="none",R34=""),"Not Reviewed",R34) -> needs_support | W34: =IF(I34="terminated",1,0) -> 0 | X34: =IF(I34="terminated","Attrited","Active") -> Active | Y34: =M34/365 -> 1.3123288 | Z34: =IF(Y34<1,"<1 Year",IF(Y34<2,"1–2 Years",IF(Y34<3,"2–3 Years","3+ Years"))) -> 1–2 Years | AA34: =IF(T34<70000,"<70K",IF(T34<100000,"70K–99K",IF(T34<130000,"100K–129K","130K+"))) -> 70K–99K
A35: E000034 | B35: 45873 | C35: Legal & Compliance | D35: Corporate | E35: NA | F35: Legal & Compliance Specialist | G35: legal | H35: specialist | I35: active | J35: 45873 | M35: 149 | N35: 18-24 | O35: associate | P35: 0-5_km | Q35: None | S35: 0 | T35: 77500 | U35: =IF(LOWER(TRIM(Q35&""))="none","Not Reviewed","Reviewed") -> Not Reviewed | V35: =IF(OR(Q35="none",R35=""),"Not Reviewed",R35) -> Not Reviewed | W35: =IF(I35="terminated",1,0) -> 0 | X35: =IF(I35="terminated","Attrited","Active") -> Active | Y35: =M35/365 -> 0.40821918 | Z35: =IF(Y35<1,"<1 Year",IF(Y35<2,"1–2 Years",IF(Y35<3,"2–3 Years","3+ Years"))) -> <1 Year | AA35: =IF(T35<70000,"<70K",IF(T35<100000,"70K–99K",IF(T35<130000,"100K–129K","130K+"))) -> 70K–99K
A36: E000035 | B36: 45794 | C36: Supply Chain | D36: Operations | E36: APAC | F36: Supply Chain Associate | G36: supply_chain | H36: associate | I36: active | J36: 45794 | M36: 228 | N36: 18-24 | O36: masters | P36: 16-30_km | Q36: 4 | R36: exceeds | S36: 1 | T36: 62000 | U36: =IF(LOWER(TRIM(Q36&""))="none","Not Reviewed","Reviewed") -> Reviewed | V36: =IF(OR(Q36="none",R36=""),"Not Reviewed",R36) -> exceeds | W36: =IF(I36="terminated",1,0) -> 0 | X36: =IF(I36="terminated","Attrited","Active") -> Active | Y36: =M36/365 -> 0.62465753 | Z36: =IF(Y36<1,"<1 Year",IF(Y36<2,"1–2 Years",IF(Y36<3,"2–3 Years","3+ Years"))) -> <1 Year | AA36: =IF(T36<70000,"<70K",IF(T36<100000,"70K–99K",IF(T36<130000,"100K–129K","130K+"))) -> <70K
A37: E000036 | B37: 45325 | C37: Business Operations | D37: Operations | E37: LATAM | F37: Operations Associate | G37: operations | H37: associate | I37: active | J37: 45325 | M37: 697 | N37: 25-34 | O37: bachelors | P37: 0-5_km | Q37: 3 | R37: meets | S37: 2 | T37: 56000 | U37: =IF(LOWER(TRIM(Q37&""))="none","Not Reviewed","Reviewed") -> Reviewed | V37: =IF(OR(Q37="none",R37=""),"Not Reviewed",R37) -> meets | W37: =IF(I37="terminated",1,0) -> 0 | X37: =IF(I37="terminated","Attrited","Active") -> Active | Y37: =M37/365 -> 1.909589 | Z37: =IF(Y37<1,"<1 Year",IF(Y37<2,"1–2 Years",IF(Y37<3,"2–3 Years","3+ Years"))) -> 1–2 Years | AA37: =IF(T37<70000,"<70K",IF(T37<100000,"70K–99K",IF(T37<130000,"100K–129K","130K+"))) -> <70K
A38: E000037 | B38: 44941 | C38: Engineering | D38: Product & Technology | E38: NA | F38: Analytics Associate | G38: analytics | H38: associate | I38: active | J38: 44941 | M38: 1081 | N38: 25-34 | O38: high_school | P38: 31+_km | Q38: 4 | R38: exceeds | S38: 3 | T38: 76500 | U38: =IF(LOWER(TRIM(Q38&""))="none","Not Reviewed","Reviewed") -> Reviewed | V38: =IF(OR(Q38="none",R38=""),"Not Reviewed",R38) -> exceeds | W38: =IF(I38="terminated",1,0) -> 0 | X38: =IF(I38="terminated","Attrited","Active") -> Active | Y38: =M38/365 -> 2.9616438 | Z38: =IF(Y38<1,"<1 Year",IF(Y38<2,"1–2 Years",IF(Y38<3,"2–3 Years","3+ Years"))) -> 2–3 Years | AA38: =IF(T38<70000,"<70K",IF(T38<100000,"70K–99K",IF(T38<130000,"100K–129K","130K+"))) -> 70K–99K
A39: E000038 | B39: 44971 | C39: Data & Analytics | D39: Product & Technology | E39: NA | F39: Analytics Specialist | G39: analytics | H39: specialist | I39: active | J39: 44971 | M39: 1051 | N39: 55-64 | O39: masters | P39: 0-5_km | Q39: 3 | R39: meets | S39: 3 | T39: 95000 | U39: =IF(LOWER(TRIM(Q39&""))="none","Not Reviewed","Reviewed") -> Reviewed | V39: =IF(OR(Q39="none",R39=""),"Not Reviewed",R39) -> meets | W39: =IF(I39="terminated",1,0) -> 0 | X39: =IF(I39="terminated","Attrited","Active") -> Active | Y39: =M39/365 -> 2.8794521 | Z39: =IF(Y39<1,"<1 Year",IF(Y39<2,"1–2 Years",IF(Y39<3,"2–3 Years","3+ Years"))) -> 2–3 Years | AA39: =IF(T39<70000,"<70K",IF(T39<100000,"70K–99K",IF(T39<130000,"100K–129K","130K+"))) -> 70K–99K
A40: E000039 | B40: 45188 | C40: Product | D40: Product & Technology | E40: EMEA | F40: Product Management Associate | G40: product | H40: associate | I40: active | J40: 45188 | M40: 834 | N40: 25-34 | O40: associate | P40: remote | Q40: 3 | R40: meets | S40: 2 | T40: 75500 | U40: =IF(LOWER(TRIM(Q40&""))="none","Not Reviewed","Reviewed") -> Reviewed | V40: =IF(OR(Q40="none",R40=""),"Not Reviewed",R40) -> meets | W40: =IF(I40="terminated",1,0) -> 0 | X40: =IF(I40="terminated","Attrited","Active") -> Active | Y40: =M40/365 -> 2.2849315 | Z40: =IF(Y40<1,"<1 Year",IF(Y40<2,"1–2 Years",IF(Y40<3,"2–3 Years","3+ Years"))) -> 2–3 Years | AA40: =IF(T40<70000,"<70K",IF(T40<100000,"70K–99K",IF(T40<130000,"100K–129K","130K+"))) -> 70K–99K
A41: E000040 | B41: 45262 | C41: Design | D41: Product & Technology | E41: EMEA | F41: Product Design Associate | G41: design | H41: associate | I41: active | J41: 45262 | M41: 760 | N41: 35-44 | O41: bachelors | P41: 6-15_km | Q41: 2 | R41: needs_support | S41: 2 | T41: 73500 | U41: =IF(LOWER(TRIM(Q41&""))="none","Not Reviewed","Reviewed") -> Reviewed | V41: =IF(OR(Q41="none",R41=""),"Not Reviewed",R41) -> needs_support | W41: =IF(I41="terminated",1,0) -> 0 | X41: =IF(I41="terminated","Attrited","Active") -> Active | Y41: =M41/365 -> 2.0821918 | Z41: =IF(Y41<1,"<1 Year",IF(Y41<2,"1–2 Years",IF(Y41<3,"2–3 Years","3+ Years"))) -> 2–3 Years | AA41: =IF(T41<70000,"<70K",IF(T41<100000,"70K–99K",IF(T41<130000,"100K–129K","130K+"))) -> 70K–99K
A42: E000041 | B42: 45595 | C42: Sales | D42: Revenue | E42: NA | F42: Customer Success Senior Specialist | G42: customer_success | H42: senior | I42: terminated | J42: 45595 | K42: 45777 | L42: voluntary | M42: 182 | N42: 25-34 | O42: bachelors | P42: remote | Q42: 3 | R42: meets | S42: 1 | T42: 135500 | U42: =IF(LOWER(TRIM(Q42&""))="none","Not Reviewed","Reviewed") -> Reviewed | V42: =IF(OR(Q42="none",R42=""),"Not Reviewed",R42) -> meets | W42: =IF(I42="terminated",1,0) -> 1 | X42: =IF(I42="terminated","Attrited","Active") -> Attrited | Y42: =M42/365 -> 0.49863014 | Z42: =IF(Y42<1,"<1 Year",IF(Y42<2,"1–2 Years",IF(Y42<3,"2–3 Years","3+ Years"))) -> <1 Year | AA42: =IF(T42<70000,"<70K",IF(T42<100000,"70K–99K",IF(T42<130000,"100K–129K","130K+"))) -> 130K+
A43: E000042 | B43: 45312 | C43: Customer Success | D43: Revenue | E43: EMEA | F43: Account Specialist | G43: sales | H43: specialist | I43: active | J43: 45312 | M43: 710 | N43: 18-24 | O43: bachelors | P43: 6-15_km | Q43: 4 | R43: exceeds | S43: 2 | T43: 76500 | U43: =IF(LOWER(TRIM(Q43&""))="none","Not Reviewed","Reviewed") -> Reviewed | V43: =IF(OR(Q43="none",R43=""),"Not Reviewed",R43) -> exceeds | W43: =IF(I43="terminated",1,0) -> 0 | X43: =IF(I43="terminated","Attrited","Active") -> Active | Y43: =M43/365 -> 1.9452055 | Z43: =IF(Y43<1,"<1 Year",IF(Y43<2,"1–2 Years",IF(Y43<3,"2–3 Years","3+ Years"))) -> 1–2 Years | AA43: =IF(T43<70000,"<70K",IF(T43<100000,"70K–99K",IF(T43<130000,"100K–129K","130K+"))) -> 70K–99K
A44: E000043 | B44: 45518 | C44: Marketing | D44: Revenue | E44: APAC | F44: Growth Marketing Specialist | G44: marketing | H44: specialist | I44: active | J44: 45518 | M44: 504 | N44: 25-34 | O44: bachelors | P44: 31+_km | Q44: 3 | R44: meets | S44: 1 | T44: 97000 | U44: =IF(LOWER(TRIM(Q44&""))="none","Not Reviewed","Reviewed") -> Reviewed | V44: =IF(OR(Q44="none",R44=""),"Not Reviewed",R44) -> meets | W44: =IF(I44="terminated",1,0) -> 0 | X44: =IF(I44="terminated","Attrited","Active") -> Active | Y44: =M44/365 -> 1.3808219 | Z44: =IF(Y44<1,"<1 Year",IF(Y44<2,"1–2 Years",IF(Y44<3,"2–3 Years","3+ Years"))) -> 1–2 Years | AA44: =IF(T44<70000,"<70K",IF(T44<100000,"70K–99K",IF(T44<130000,"100K–129K","130K+"))) -> 70K–99K
A45: E000044 | B45: 45646 | C45: Finance | D45: Corporate | E45: NA | F45: Financial Planning Specialist | G45: finance | H45: specialist | I45: active | J45: 45646 | M45: 376 | N45: 25-34 | O45: bachelors | P45: 6-15_km | Q45: 5 | R45: outstanding | S45: 1 | T45: 89500 | U45: =IF(LOWER(TRIM(Q45&""))="none","Not Reviewed","Reviewed") -> Reviewed | V45: =IF(OR(Q45="none",R45=""),"Not Reviewed",R45) -> outstanding | W45: =IF(I45="terminated",1,0) -> 0 | X45: =IF(I45="terminated","Attrited","Active") -> Active | Y45: =M45/365 -> 1.030137 | Z45: =IF(Y45<1,"<1 Year",IF(Y45<2,"1–2 Years",IF(Y45<3,"2–3 Years","3+ Years"))) -> 1–2 Years | AA45: =IF(T45<70000,"<70K",IF(T45<100000,"70K–99K",IF(T45<130000,"100K–129K","130K+"))) -> 70K–99K
A46: E000045 | B46: 45568 | C46: People Operations | D46: Corporate | E46: EMEA | F46: Operations Senior Specialist | G46: operations | H46: senior | I46: active | J46: 45568 | M46: 454 | N46: 35-44 | O46: associate | P46: 6-15_km | Q46: 2 | R46: needs_support | S46: 1 | T46: 107000 | U46: =IF(LOWER(TRIM(Q46&""))="none","Not Reviewed","Reviewed") -> Reviewed | V46: =IF(OR(Q46="none",R46=""),"Not Reviewed",R46) -> needs_support | W46: =IF(I46="terminated",1,0) -> 0 | X46: =IF(I46="terminated","Attrited","Active") -> Active | Y46: =M46/365 -> 1.2438356 | Z46: =IF(Y46<1,"<1 Year",IF(Y46<2,"1–2 Years",IF(Y46<3,"2–3 Years","3+ Years"))) -> 1–2 Years | AA46: =IF(T46<70000,"<70K",IF(T46<100000,"70K–99K",IF(T46<130000,"100K–129K","130K+"))) -> 100K–129K
A47: E000046 | B47: 45254 | C47: Legal & Compliance | D47: Corporate | E47: NA | F47: Legal & Compliance Associate | G47: legal | H47: associate | I47: active | J47: 45254 | M47: 768 | N47: 25-34 | O47: high_school | P47: 6-15_km | Q47: 2 | R47: needs_support | S47: 2 | T47: 62000 | U47: =IF(LOWER(TRIM(Q47&""))="none","Not Reviewed","Reviewed") -> Reviewed | V47: =IF(OR(Q47="none",R47=""),"Not Reviewed",R47) -> needs_support | W47: =IF(I47="terminated",1,0) -> 0 | X47: =IF(I47="terminated","Attrited","Active") -> Active | Y47: =M47/365 -> 2.1041096 | Z47: =IF(Y47<1,"<1 Year",IF(Y47<2,"1–2 Years",IF(Y47<3,"2–3 Years","3+ Years"))) -> 2–3 Years | AA47: =IF(T47<70000,"<70K",IF(T47<100000,"70K–99K",IF(T47<130000,"100K–129K","130K+"))) -> <70K
A48: E000047 | B48: 45689 | C48: Supply Chain | D48: Operations | E48: APAC | F48: Operations Senior Specialist | G48: operations | H48: senior | I48: active | J48: 45689 | M48: 333 | N48: 25-34 | O48: bachelors | P48: 0-5_km | Q48: 3 | R48: meets | S48: 1 | T48: 104500 | U48: =IF(LOWER(TRIM(Q48&""))="none","Not Reviewed","Reviewed") -> Reviewed | V48: =IF(OR(Q48="none",R48=""),"Not Reviewed",R48) -> meets | W48: =IF(I48="terminated",1,0) -> 0 | X48: =IF(I48="terminated","Attrited","Active") -> Active | Y48: =M48/365 -> 0.91232877 | Z48: =IF(Y48<1,"<1 Year",IF(Y48<2,"1–2 Years",IF(Y48<3,"2–3 Years","3+ Years"))) -> <1 Year | AA48: =IF(T48<70000,"<70K",IF(T48<100000,"70K–99K",IF(T48<130000,"100K–129K","130K+"))) -> 100K–129K
A49: E000048 | B49: 45228 | C49: Business Operations | D49: Operations | E49: LATAM | F49: Operations Senior Specialist | G49: operations | H49: senior | I49: terminated | J49: 45228 | K49: 45520 | L49: voluntary | M49: 292 | N49: 25-34 | O49: bachelors | P49: 31+_km | Q49: 4 | R49: exceeds | S49: 1 | T49: 130500 | U49: =IF(LOWER(TRIM(Q49&""))="none","Not Reviewed","Reviewed") -> Reviewed | V49: =IF(OR(Q49="none",R49=""),"Not Reviewed",R49) -> exceeds | W49: =IF(I49="terminated",1,0) -> 1 | X49: =IF(I49="terminated","Attrited","Active") -> Attrited | Y49: =M49/365 -> 0.8 | Z49: =IF(Y49<1,"<1 Year",IF(Y49<2,"1–2 Years",IF(Y49<3,"2–3 Years","3+ Years"))) -> <1 Year | AA49: =IF(T49<70000,"<70K",IF(T49<100000,"70K–99K",IF(T49<130000,"100K–129K","130K+"))) -> 130K+
A50: E000049 | B50: 45030 | C50: Engineering | D50: Product & Technology | E50: NA | F50: Software Engineering Specialist | G50: engineering | H50: specialist | I50: active | J50: 45030 | M50: 992 | N50: 45-54 | O50: bachelors | P50: 0-5_km | Q50: 3 | R50: meets | S50: 3 | T50: 73000 | U50: =IF(LOWER(TRIM(Q50&""))="none","Not Reviewed","Reviewed") -> Reviewed | V50: =IF(OR(Q50="none",R50=""),"Not Reviewed",R50) -> meets | W50: =IF(I50="terminated",1,0) -> 0 | X50: =IF(I50="terminated","Attrited","Active") -> Active | Y50: =M50/365 -> 2.7178082 | Z50: =IF(Y50<1,"<1 Year",IF(Y50<2,"1–2 Years",IF(Y50<3,"2–3 Years","3+ Years"))) -> 2–3 Years | AA50: =IF(T50<70000,"<70K",IF(T50<100000,"70K–99K",IF(T50<130000,"100K–129K","130K+"))) -> 70K–99K
A51: E000050 | B51: 45367 | C51: Data & Analytics | D51: Product & Technology | E51: NA | F51: Analytics Associate | G51: analytics | H51: associate | I51: terminated | J51: 45367 | K51: 45645 | L51: involuntary | M51: 278 | N51: 25-34 | O51: bachelors | P51: remote | Q51: 1 | R51: needs_support | S51: 1 | T51: 75500 | U51: =IF(LOWER(TRIM(Q51&""))="none","Not Reviewed","Reviewed") -> Reviewed | V51: =IF(OR(Q51="none",R51=""),"Not Reviewed",R51) -> needs_support | W51: =IF(I51="terminated",1,0) -> 1 | X51: =IF(I51="terminated","Attrited","Active") -> Attrited | Y51: =M51/365 -> 0.76164384 | Z51: =IF(Y51<1,"<1 Year",IF(Y51<2,"1–2 Years",IF(Y51<3,"2–3 Years","3+ Years"))) -> <1 Year | AA51: =IF(T51<70000,"<70K",IF(T51<100000,"70K–99K",IF(T51<130000,"100K–129K","130K+"))) -> 70K–99K
A52: E000051 | B52: 44939 | C52: Product | D52: Product & Technology | E52: EMEA | F52: Product Management Associate | G52: product | H52: associate | I52: active | J52: 44939 | M52: 1083 | N52: 25-34 | O52: masters | P52: 16-30_km | Q52: 3 | R52: meets | S52: 3 | T52: 68500 | U52: =IF(LOWER(TRIM(Q52&""))="none","Not Reviewed","Reviewed") -> Reviewed | V52: =IF(OR(Q52="none",R52=""),"Not Reviewed",R52) -> meets | W52: =IF(I52="terminated",1,0) -> 0 | X52: =IF(I52="terminated","Attrited","Active") -> Active | Y52: =M52/365 -> 2.9671233 | Z52: =IF(Y52<1,"<1 Year",IF(Y52<2,"1–2 Years",IF(Y52<3,"2–3 Years","3+ Years"))) -> 2–3 Years | AA52: =IF(T52<70000,"<70K",IF(T52<100000,"70K–99K",IF(T52<130000,"100K–129K","130K+"))) -> <70K
A53: E000052 | B53: 44959 | C53: Design | D53: Product & Technology | E53: EMEA | F53: Product Design Specialist | G53: design | H53: specialist | I53: active | J53: 44959 | M53: 1063 | N53: 18-24 | O53: bachelors | P53: 6-15_km | Q53: 4 | R53: exceeds | S53: 3 | T53: 92000 | U53: =IF(LOWER(TRIM(Q53&""))="none","Not Reviewed","Reviewed") -> Reviewed | V53: =IF(OR(Q53="none",R53=""),"Not Reviewed",R53) -> exceeds | W53: =IF(I53="terminated",1,0) -> 0 | X53: =IF(I53="terminated","Attrited","Active") -> Active | Y53: =M53/365 -> 2.9123288 | Z53: =IF(Y53<1,"<1 Year",IF(Y53<2,"1–2 Years",IF(Y53<3,"2–3 Years","3+ Years"))) -> 2–3 Years | AA53: =IF(T53<70000,"<70K",IF(T53<100000,"70K–99K",IF(T53<130000,"100K–129K","130K+"))) -> 70K–99K
A54: E000053 | B54: 44982 | C54: Sales | D54: Revenue | E54: NA | F54: Account Associate | G54: sales | H54: associate | I54: active | J54: 44982 | M54: 1040 | N54: 25-34 | O54: high_school | P54: 6-15_km | Q54: 3 | R54: meets | S54: 3 | T54: 78000 | U54: =IF(LOWER(TRIM(Q54&""))="none","Not Reviewed","Reviewed") -> Reviewed | V54: =IF(OR(Q54="none",R54=""),"Not Reviewed",R54) -> meets | W54: =IF(I54="terminated",1,0) -> 0 | X54: =IF(I54="terminated","Attrited","Active") -> Active | Y54: =M54/365 -> 2.8493151 | Z54: =IF(Y54<1,"<1 Year",IF(Y54<2,"1–2 Years",IF(Y54<3,"2–3 Years","3+ Years"))) -> 2–3 Years | AA54: =IF(T54<70000,"<70K",IF(T54<100000,"70K–99K",IF(T54<130000,"100K–129K","130K+"))) -> 70K–99K
A55: E000054 | B55: 45853 | C55: Customer Success | D55: Revenue | E55: EMEA | F55: Customer Success Associate | G55: customer_success | H55: associate | I55: active | J55: 45853 | M55: 169 | N55: 25-34 | O55: bachelors | P55: 0-5_km | Q55: None | S55: 0 | T55: 74500 | U55: =IF(LOWER(TRIM(Q55&""))="none","Not Reviewed","Reviewed") -> Not Reviewed | V55: =IF(OR(Q55="none",R55=""),"Not Reviewed",R55) -> Not Reviewed | W55: =IF(I55="terminated",1,0) -> 0 | X55: =IF(I55="terminated","Attrited","Active") -> Active | Y55: =M55/365 -> 0.4630137 | Z55: =IF(Y55<1,"<1 Year",IF(Y55<2,"1–2 Years",IF(Y55<3,"2–3 Years","3+ Years"))) -> <1 Year | AA55: =IF(T55<70000,"<70K",IF(T55<100000,"70K–99K",IF(T55<130000,"100K–129K","130K+"))) -> 70K–99K
A56: E000055 | B56: 45804 | C56: Marketing | D56: Revenue | E56: APAC | F56: Growth Marketing Specialist | G56: marketing | H56: specialist | I56: active | J56: 45804 | M56: 218 | N56: 25-34 | O56: high_school | P56: 16-30_km | Q56: 3 | R56: meets | S56: 1 | T56: 90000 | U56: =IF(LOWER(TRIM(Q56&""))="none","Not Reviewed","Reviewed") -> Reviewed | V56: =IF(OR(Q56="none",R56=""),"Not Reviewed",R56) -> meets | W56: =IF(I56="terminated",1,0) -> 0 | X56: =IF(I56="terminated","Attrited","Active") -> Active | Y56: =M56/365 -> 0.59726027 | Z56: =IF(Y56<1,"<1 Year",IF(Y56<2,"1–2 Years",IF(Y56<3,"2–3 Years","3+ Years"))) -> <1 Year | AA56: =IF(T56<70000,"<70K",IF(T56<100000,"70K–99K",IF(T56<130000,"100K–129K","130K+"))) -> 70K–99K
A57: E000056 | B57: 45408 | C57: Finance | D57: Corporate | E57: NA | F57: Analytics Associate | G57: analytics | H57: associate | I57: active | J57: 45408 | M57: 614 | N57: 45-54 | O57: masters | P57: 0-5_km | Q57: 1 | R57: needs_support | S57: 2 | T57: 73000 | U57: =IF(LOWER(TRIM(Q57&""))="none","Not Reviewed","Reviewed") -> Reviewed | V57: =IF(OR(Q57="none",R57=""),"Not Reviewed",R57) -> needs_support | W57: =IF(I57="terminated",1,0) -> 0 | X57: =IF(I57="terminated","Attrited","Active") -> Active | Y57: =M57/365 -> 1.6821918 | Z57: =IF(Y57<1,"<1 Year",IF(Y57<2,"1–2 Years",IF(Y57<3,"2–3 Years","3+ Years"))) -> 1–2 Years | AA57: =IF(T57<70000,"<70K",IF(T57<100000,"70K–99K",IF(T57<130000,"100K–129K","130K+"))) -> 70K–99K
A58: E000057 | B58: 45781 | C58: People Operations | D58: Corporate | E58: EMEA | F58: Operations Senior Specialist | G58: operations | H58: senior | I58: active | J58: 45781 | M58: 241 | N58: 35-44 | O58: high_school | P58: 16-30_km | Q58: 4 | R58: exceeds | S58: 1 | T58: 111500 | U58: =IF(LOWER(TRIM(Q58&""))="none","Not Reviewed","Reviewed") -> Reviewed | V58: =IF(OR(Q58="none",R58=""),"Not Reviewed",R58) -> exceeds | W58: =IF(I58="terminated",1,0) -> 0 | X58: =IF(I58="terminated","Attrited","Active") -> Active | Y58: =M58/365 -> 0.66027397 | Z58: =IF(Y58<1,"<1 Year",IF(Y58<2,"1–2 Years",IF(Y58<3,"2–3 Years","3+ Years"))) -> <1 Year | AA58: =IF(T58<70000,"<70K",IF(T58<100000,"70K–99K",IF(T58<130000,"100K–129K","130K+"))) -> 100K–129K
A59: E000058 | B59: 45328 | C59: Legal & Compliance | D59: Corporate | E59: NA | F59: Legal & Compliance Associate | G59: legal | H59: associate | I59: active | J59: 45328 | M59: 694 | N59: 25-34 | O59: bachelors | P59: 6-15_km | Q59: 5 | R59: outstanding | S59: 2 | T59: 61500 | U59: =IF(LOWER(TRIM(Q59&""))="none","Not Reviewed","Reviewed") -> Reviewed | V59: =IF(OR(Q59="none",R59=""),"Not Reviewed",R59) -> outstanding | W59: =IF(I59="terminated",1,0) -> 0 | X59: =IF(I59="terminated","Attrited","Active") -> Active | Y59: =M59/365 -> 1.9013699 | Z59: =IF(Y59<1,"<1 Year",IF(Y59<2,"1–2 Years",IF(Y59<3,"2–3 Years","3+ Years"))) -> 1–2 Years | AA59: =IF(T59<70000,"<70K",IF(T59<100000,"70K–99K",IF(T59<130000,"100K–129K","130K+"))) -> <70K
A60: E000059 | B60: 45857 | C60: Supply Chain | D60: Operations | E60: APAC | F60: Supply Chain Senior Specialist | G60: supply_chain | H60: senior | I60: active | J60: 45857 | M60: 165 | N60: 18-24 | O60: bachelors | P60: 16-30_km | Q60: None | S60: 0 | T60: 137000 | U60: =IF(LOWER(TRIM(Q60&""))="none","Not Reviewed","Reviewed") -> Not Reviewed | V60: =IF(OR(Q60="none",R60=""),"Not Reviewed",R60) -> Not Reviewed | W60: =IF(I60="terminated",1,0) -> 0 | X60: =IF(I60="terminated","Attrited","Active") -> Active | Y60: =M60/365 -> 0.45205479 | Z60: =IF(Y60<1,"<1 Year",IF(Y60<2,"1–2 Years",IF(Y60<3,"2–3 Years","3+ Years"))) -> <1 Year | AA60: =IF(T60<70000,"<70K",IF(T60<100000,"70K–99K",IF(T60<130000,"100K–129K","130K+"))) -> 130K+
A61: E000060 | B61: 45866 | C61: Business Operations | D61: Operations | E61: LATAM | F61: Operations Associate | G61: operations | H61: associate | I61: terminated | J61: 45866 | K61: 45995 | L61: involuntary | M61: 129 | N61: 35-44 | O61: professional | P61: 6-15_km | Q61: None | S61: 0 | T61: 66000 | U61: =IF(LOWER(TRIM(Q61&""))="none","Not Reviewed","Reviewed") -> Not Reviewed | V61: =IF(OR(Q61="none",R61=""),"Not Reviewed",R61) -> Not Reviewed | W61: =IF(I61="terminated",1,0) -> 1 | X61: =IF(I61="terminated","Attrited","Active") -> Attrited | Y61: =M61/365 -> 0.35342466 | Z61: =IF(Y61<1,"<1 Year",IF(Y61<2,"1–2 Years",IF(Y61<3,"2–3 Years","3+ Years"))) -> <1 Year | AA61: =IF(T61<70000,"<70K",IF(T61<100000,"70K–99K",IF(T61<130000,"100K–129K","130K+"))) -> <70K
A62: E000061 | B62: 45817 | C62: Engineering | D62: Product & Technology | E62: NA | F62: Software Engineering Senior Specialist | G62: engineering | H62: senior | I62: active | J62: 45817 | M62: 205 | N62: 25-34 | O62: masters | P62: 6-15_km | Q62: 2 | R62: needs_support | S62: 1 | T62: 106500 | U62: =IF(LOWER(TRIM(Q62&""))="none","Not Reviewed","Reviewed") -> Reviewed | V62: =IF(OR(Q62="none",R62=""),"Not Reviewed",R62) -> needs_support | W62: =IF(I62="terminated",1,0) -> 0 | X62: =IF(I62="terminated","Attrited","Active") -> Active | Y62: =M62/365 -> 0.56164384 | Z62: =IF(Y62<1,"<1 Year",IF(Y62<2,"1–2 Years",IF(Y62<3,"2–3 Years","3+ Years"))) -> <1 Year | AA62: =IF(T62<70000,"<70K",IF(T62<100000,"70K–99K",IF(T62<130000,"100K–129K","130K+"))) -> 100K–129K
A63: E000062 | B63: 45777 | C63: Data & Analytics | D63: Product & Technology | E63: NA | F63: Analytics Specialist | G63: analytics | H63: specialist | I63: active | J63: 45777 | M63: 245 | N63: 25-34 | O63: high_school | P63: 16-30_km | Q63: 3 | R63: meets | S63: 1 | T63: 98000 | U63: =IF(LOWER(TRIM(Q63&""))="none","Not Reviewed","Reviewed") -> Reviewed | V63: =IF(OR(Q63="none",R63=""),"Not Reviewed",R63) -> meets | W63: =IF(I63="terminated",1,0) -> 0 | X63: =IF(I63="terminated","Attrited","Active") -> Active | Y63: =M63/365 -> 0.67123288 | Z63: =IF(Y63<1,"<1 Year",IF(Y63<2,"1–2 Years",IF(Y63<3,"2–3 Years","3+ Years"))) -> <1 Year | AA63: =IF(T63<70000,"<70K",IF(T63<100000,"70K–99K",IF(T63<130000,"100K–129K","130K+"))) -> 70K–99K
A64: E000063 | B64: 45022 | C64: Product | D64: Product & Technology | E64: EMEA | F64: Product Management Specialist | G64: product | H64: specialist | I64: terminated | J64: 45022 | K64: 46005 | L64: voluntary | M64: 983 | N64: 25-34 | O64: professional | P64: remote | Q64: 4 | R64: exceeds | S64: 3 | T64: 101000 | U64: =IF(LOWER(TRIM(Q64&""))="none","Not Reviewed","Reviewed") -> Reviewed | V64: =IF(OR(Q64="none",R64=""),"Not Reviewed",R64) -> exceeds | W64: =IF(I64="terminated",1,0) -> 1 | X64: =IF(I64="terminated","Attrited","Active") -> Attrited | Y64: =M64/365 -> 2.6931507 | Z64: =IF(Y64<1,"<1 Year",IF(Y64<2,"1–2 Years",IF(Y64<3,"2–3 Years","3+ Years"))) -> 2–3 Years | AA64: =IF(T64<70000,"<70K",IF(T64<100000,"70K–99K",IF(T64<130000,"100K–129K","130K+"))) -> 100K–129K
A65: E000064 | B65: 44997 | C65: Design | D65: Product & Technology | E65: EMEA | F65: Product Design Associate | G65: design | H65: associate | I65: active | J65: 44997 | M65: 1025 | N65: 25-34 | O65: high_school | P65: remote | Q65: 4 | R65: exceeds | S65: 3 | T65: 61500 | U65: =IF(LOWER(TRIM(Q65&""))="none","Not Reviewed","Reviewed") -> Reviewed | V65: =IF(OR(Q65="none",R65=""),"Not Reviewed",R65) -> exceeds | W65: =IF(I65="terminated",1,0) -> 0 | X65: =IF(I65="terminated","Attrited","Active") -> Active | Y65: =M65/365 -> 2.8082192 | Z65: =IF(Y65<1,"<1 Year",IF(Y65<2,"1–2 Years",IF(Y65<3,"2–3 Years","3+ Years"))) -> 2–3 Years | AA65: =IF(T65<70000,"<70K",IF(T65<100000,"70K–99K",IF(T65<130000,"100K–129K","130K+"))) -> <70K
A66: E000065 | B66: 45907 | C66: Sales | D66: Revenue | E66: NA | F66: Account Specialist | G66: sales | H66: specialist | I66: active | J66: 45907 | M66: 115 | N66: 35-44 | O66: bachelors | P66: 16-30_km | Q66: None | S66: 0 | T66: 73000 | U66: =IF(LOWER(TRIM(Q66&""))="none","Not Reviewed","Reviewed") -> Not Reviewed | V66: =IF(OR(Q66="none",R66=""),"Not Reviewed",R66) -> Not Reviewed | W66: =IF(I66="terminated",1,0) -> 0 | X66: =IF(I66="terminated","Attrited","Active") -> Active | Y66: =M66/365 -> 0.31506849 | Z66: =IF(Y66<1,"<1 Year",IF(Y66<2,"1–2 Years",IF(Y66<3,"2–3 Years","3+ Years"))) -> <1 Year | AA66: =IF(T66<70000,"<70K",IF(T66<100000,"70K–99K",IF(T66<130000,"100K–129K","130K+"))) -> 70K–99K
A67: E000066 | B67: 45586 | C67: Customer Success | D67: Revenue | E67: EMEA | F67: Customer Success Specialist | G67: customer_success | H67: specialist | I67: active | J67: 45586 | M67: 436 | N67: 25-34 | O67: bachelors | P67: 16-30_km | Q67: 2 | R67: needs_support | S67: 1 | T67: 102000 | U67: =IF(LOWER(TRIM(Q67&""))="none","Not Reviewed","Reviewed") -> Reviewed | V67: =IF(OR(Q67="none",R67=""),"Not Reviewed",R67) -> needs_support | W67: =IF(I67="terminated",1,0) -> 0 | X67: =IF(I67="terminated","Attrited","Active") -> Active | Y67: =M67/365 -> 1.1945205 | Z67: =IF(Y67<1,"<1 Year",IF(Y67<2,"1–2 Years",IF(Y67<3,"2–3 Years","3+ Years"))) -> 1–2 Years | AA67: =IF(T67<70000,"<70K",IF(T67<100000,"70K–99K",IF(T67<130000,"100K–129K","130K+"))) -> 100K–129K
A68: E000067 | B68: 45745 | C68: Marketing | D68: Revenue | E68: APAC | F68: Growth Marketing Specialist | G68: marketing | H68: specialist | I68: active | J68: 45745 | M68: 277 | N68: 55-64 | O68: masters | P68: 6-15_km | Q68: 3 | R68: meets | S68: 1 | T68: 78500 | U68: =IF(LOWER(TRIM(Q68&""))="none","Not Reviewed","Reviewed") -> Reviewed | V68: =IF(OR(Q68="none",R68=""),"Not Reviewed",R68) -> meets | W68: =IF(I68="terminated",1,0) -> 0 | X68: =IF(I68="terminated","Attrited","Active") -> Active | Y68: =M68/365 -> 0.75890411 | Z68: =IF(Y68<1,"<1 Year",IF(Y68<2,"1–2 Years",IF(Y68<3,"2–3 Years","3+ Years"))) -> <1 Year | AA68: =IF(T68<70000,"<70K",IF(T68<100000,"70K–99K",IF(T68<130000,"100K–129K","130K+"))) -> 70K–99K
A69: E000068 | B69: 45441 | C69: Finance | D69: Corporate | E69: NA | F69: Financial Planning Specialist | G69: finance | H69: specialist | I69: active | J69: 45441 | M69: 581 | N69: 25-34 | O69: professional | P69: 6-15_km | Q69: 5 | R69: outstanding | S69: 2 | T69: 103500 | U69: =IF(LOWER(TRIM(Q69&""))="none","Not Reviewed","Reviewed") -> Reviewed | V69: =IF(OR(Q69="none",R69=""),"Not Reviewed",R69) -> outstanding | W69: =IF(I69="terminated",1,0) -> 0 | X69: =IF(I69="terminated","Attrited","Active") -> Active | Y69: =M69/365 -> 1.5917808 | Z69: =IF(Y69<1,"<1 Year",IF(Y69<2,"1–2 Years",IF(Y69<3,"2–3 Years","3+ Years"))) -> 1–2 Years | AA69: =IF(T69<70000,"<70K",IF(T69<100000,"70K–99K",IF(T69<130000,"100K–129K","130K+"))) -> 100K–129K
A70: E000069 | B70: 45797 | C70: People Operations | D70: Corporate | E70: EMEA | F70: Operations Associate | G70: operations | H70: associate | I70: active | J70: 45797 | M70: 225 | N70: 35-44 | O70: bachelors | P70: remote | Q70: 2 | R70: needs_support | S70: 1 | T70: 76500 | U70: =IF(LOWER(TRIM(Q70&""))="none","Not Reviewed","Reviewed") -> Reviewed | V70: =IF(OR(Q70="none",R70=""),"Not Reviewed",R70) -> needs_support | W70: =IF(I70="terminated",1,0) -> 0 | X70: =IF(I70="terminated","Attrited","Active") -> Active | Y70: =M70/365 -> 0.61643836 | Z70: =IF(Y70<1,"<1 Year",IF(Y70<2,"1–2 Years",IF(Y70<3,"2–3 Years","3+ Years"))) -> <1 Year | AA70: =IF(T70<70000,"<70K",IF(T70<100000,"70K–99K",IF(T70<130000,"100K–129K","130K+"))) -> 70K–99K
A71: E000070 | B71: 44959 | C71: Legal & Compliance | D71: Corporate | E71: NA | F71: Operations Specialist | G71: operations | H71: specialist | I71: active | J71: 44959 | M71: 1063 | N71: 35-44 | O71: high_school | P71: 6-15_km | Q71: 4 | R71: exceeds | S71: 3 | T71: 85500 | U71: =IF(LOWER(TRIM(Q71&""))="none","Not Reviewed","Reviewed") -> Reviewed | V71: =IF(OR(Q71="none",R71=""),"Not Reviewed",R71) -> exceeds | W71: =IF(I71="terminated",1,0) -> 0 | X71: =IF(I71="terminated","Attrited","Active") -> Active | Y71: =M71/365 -> 2.9123288 | Z71: =IF(Y71<1,"<1 Year",IF(Y71<2,"1–2 Years",IF(Y71<3,"2–3 Years","3+ Years"))) -> 2–3 Years | AA71: =IF(T71<70000,"<70K",IF(T71<100000,"70K–99K",IF(T71<130000,"100K–129K","130K+"))) -> 70K–99K
A72: E000071 | B72: 45369 | C72: Supply Chain | D72: Operations | E72: APAC | F72: Supply Chain Specialist | G72: supply_chain | H72: specialist | I72: active | J72: 45369 | M72: 653 | N72: 18-24 | O72: associate | P72: 6-15_km | Q72: 2 | R72: needs_support | S72: 2 | T72: 103000 | U72: =IF(LOWER(TRIM(Q72&""))="none","Not Reviewed","Reviewed") -> Reviewed | V72: =IF(OR(Q72="none",R72=""),"Not Reviewed",R72) -> needs_support | W72: =IF(I72="terminated",1,0) -> 0 | X72: =IF(I72="terminated","Attrited","Active") -> Active | Y72: =M72/365 -> 1.7890411 | Z72: =IF(Y72<1,"<1 Year",IF(Y72<2,"1–2 Years",IF(Y72<3,"2–3 Years","3+ Years"))) -> 1–2 Years | AA72: =IF(T72<70000,"<70K",IF(T72<100000,"70K–99K",IF(T72<130000,"100K–129K","130K+"))) -> 100K–129K
A73: E000072 | B73: 45707 | C73: Business Operations | D73: Operations | E73: LATAM | F73: Analytics Associate | G73: analytics | H73: associate | I73: active | J73: 45707 | M73: 315 | N73: 25-34 | O73: masters | P73: 16-30_km | Q73: 4 | R73: exceeds | S73: 1 | T73: 65000 | U73: =IF(LOWER(TRIM(Q73&""))="none","Not Reviewed","Reviewed") -> Reviewed | V73: =IF(OR(Q73="none",R73=""),"Not Reviewed",R73) -> exceeds | W73: =IF(I73="terminated",1,0) -> 0 | X73: =IF(I73="terminated","Attrited","Active") -> Active | Y73: =M73/365 -> 0.8630137 | Z73: =IF(Y73<1,"<1 Year",IF(Y73<2,"1–2 Years",IF(Y73<3,"2–3 Years","3+ Years"))) -> <1 Year | AA73: =IF(T73<70000,"<70K",IF(T73<100000,"70K–99K",IF(T73<130000,"100K–129K","130K+"))) -> <70K
A74: E000073 | B74: 45286 | C74: Engineering | D74: Product & Technology | E74: NA | F74: Software Engineering Specialist | G74: engineering | H74: specialist | I74: terminated | J74: 45286 | K74: 45444 | L74: voluntary | M74: 158 | N74: 25-34 | O74: bachelors | P74: 0-5_km | Q74: None | S74: 0 | T74: 95500 | U74: =IF(LOWER(TRIM(Q74&""))="none","Not Reviewed","Reviewed") -> Not Reviewed | V74: =IF(OR(Q74="none",R74=""),"Not Reviewed",R74) -> Not Reviewed | W74: =IF(I74="terminated",1,0) -> 1 | X74: =IF(I74="terminated","Attrited","Active") -> Attrited | Y74: =M74/365 -> 0.43287671 | Z74: =IF(Y74<1,"<1 Year",IF(Y74<2,"1–2 Years",IF(Y74<3,"2–3 Years","3+ Years"))) -> <1 Year | AA74: =IF(T74<70000,"<70K",IF(T74<100000,"70K–99K",IF(T74<130000,"100K–129K","130K+"))) -> 70K–99K
A75: E000074 | B75: 45837 | C75: Data & Analytics | D75: Product & Technology | E75: NA | F75: Analytics Specialist | G75: analytics | H75: specialist | I75: terminated | J75: 45837 | K75: 46008 | L75: retirement | M75: 171 | N75: 25-34 | O75: masters | P75: remote | Q75: None | S75: 0 | T75: 96000 | U75: =IF(LOWER(TRIM(Q75&""))="none","Not Reviewed","Reviewed") -> Not Reviewed | V75: =IF(OR(Q75="none",R75=""),"Not Reviewed",R75) -> Not Reviewed | W75: =IF(I75="terminated",1,0) -> 1 | X75: =IF(I75="terminated","Attrited","Active") -> Attrited | Y75: =M75/365 -> 0.46849315 | Z75: =IF(Y75<1,"<1 Year",IF(Y75<2,"1–2 Years",IF(Y75<3,"2–3 Years","3+ Years"))) -> <1 Year | AA75: =IF(T75<70000,"<70K",IF(T75<100000,"70K–99K",IF(T75<130000,"100K–129K","130K+"))) -> 70K–99K
A76: E000075 | B76: 45276 | C76: Product | D76: Product & Technology | E76: EMEA | F76: Product Management Lead | G76: product | H76: lead | I76: active | J76: 45276 | M76: 746 | N76: 35-44 | O76: professional | P76: 6-15_km | Q76: 4 | R76: exceeds | S76: 2 | T76: 169000 | U76: =IF(LOWER(TRIM(Q76&""))="none","Not Reviewed","Reviewed") -> Reviewed | V76: =IF(OR(Q76="none",R76=""),"Not Reviewed",R76) -> exceeds | W76: =IF(I76="terminated",1,0) -> 0 | X76: =IF(I76="terminated","Attrited","Active") -> Active | Y76: =M76/365 -> 2.0438356 | Z76: =IF(Y76<1,"<1 Year",IF(Y76<2,"1–2 Years",IF(Y76<3,"2–3 Years","3+ Years"))) -> 2–3 Years | AA76: =IF(T76<70000,"<70K",IF(T76<100000,"70K–99K",IF(T76<130000,"100K–129K","130K+"))) -> 130K+
A77: E000076 | B77: 45085 | C77: Design | D77: Product & Technology | E77: EMEA | F77: Product Design Specialist | G77: design | H77: specialist | I77: active | J77: 45085 | M77: 937 | N77: 18-24 | O77: bachelors | P77: 6-15_km | Q77: 3 | R77: meets | S77: 3 | T77: 100000 | U77: =IF(LOWER(TRIM(Q77&""))="none","Not Reviewed","Reviewed") -> Reviewed | V77: =IF(OR(Q77="none",R77=""),"Not Reviewed",R77) -> meets | W77: =IF(I77="terminated",1,0) -> 0 | X77: =IF(I77="terminated","Attrited","Active") -> Active | Y77: =M77/365 -> 2.5671233 | Z77: =IF(Y77<1,"<1 Year",IF(Y77<2,"1–2 Years",IF(Y77<3,"2–3 Years","3+ Years"))) -> 2–3 Years | AA77: =IF(T77<70000,"<70K",IF(T77<100000,"70K–99K",IF(T77<130000,"100K–129K","130K+"))) -> 100K–129K
A78: E000077 | B78: 45905 | C78: Sales | D78: Revenue | E78: NA | F78: Account Senior Specialist | G78: sales | H78: senior | I78: active | J78: 45905 | M78: 117 | N78: 25-34 | O78: associate | P78: remote | Q78: None | S78: 0 | T78: 141000 | U78: =IF(LOWER(TRIM(Q78&""))="none","Not Reviewed","Reviewed") -> Not Reviewed | V78: =IF(OR(Q78="none",R78=""),"Not Reviewed",R78) -> Not Reviewed | W78: =IF(I78="terminated",1,0) -> 0 | X78: =IF(I78="terminated","Attrited","Active") -> Active | Y78: =M78/365 -> 0.32054795 | Z78: =IF(Y78<1,"<1 Year",IF(Y78<2,"1–2 Years",IF(Y78<3,"2–3 Years","3+ Years"))) -> <1 Year | AA78: =IF(T78<70000,"<70K",IF(T78<100000,"70K–99K",IF(T78<130000,"100K–129K","130K+"))) -> 130K+
A79: E000078 | B79: 45854 | C79: Customer Success | D79: Revenue | E79: EMEA | F79: Customer Success Associate | G79: customer_success | H79: associate | I79: active | J79: 45854 | M79: 168 | N79: 35-44 | O79: high_school | P79: remote | Q79: None | S79: 0 | T79: 76500 | U79: =IF(LOWER(TRIM(Q79&""))="none","Not Reviewed","Reviewed") -> Not Reviewed | V79: =IF(OR(Q79="none",R79=""),"Not Reviewed",R79) -> Not Reviewed | W79: =IF(I79="terminated",1,0) -> 0 | X79: =IF(I79="terminated","Attrited","Active") -> Active | Y79: =M79/365 -> 0.46027397 | Z79: =IF(Y79<1,"<1 Year",IF(Y79<2,"1–2 Years",IF(Y79<3,"2–3 Years","3+ Years"))) -> <1 Year | AA79: =IF(T79<70000,"<70K",IF(T79<100000,"70K–99K",IF(T79<130000,"100K–129K","130K+"))) -> 70K–99K
A80: E000079 | B80: 45275 | C80: Marketing | D80: Revenue | E80: APAC | F80: Growth Marketing Associate | G80: marketing | H80: associate | I80: active | J80: 45275 | M80: 747 | N80: 35-44 | O80: professional | P80: 0-5_km | Q80: 3 | R80: meets | S80: 2 | T80: 77000 | U80: =IF(LOWER(TRIM(Q80&""))="none","Not Reviewed","Reviewed") -> Reviewed | V80: =IF(OR(Q80="none",R80=""),"Not Reviewed",R80) -> meets | W80: =IF(I80="terminated",1,0) -> 0 | X80: =IF(I80="terminated","Attrited","Active") -> Active | Y80: =M80/365 -> 2.0465753 | Z80: =IF(Y80<1,"<1 Year",IF(Y80<2,"1–2 Years",IF(Y80<3,"2–3 Years","3+ Years"))) -> 2–3 Years | AA80: =IF(T80<70000,"<70K",IF(T80<100000,"70K–99K",IF(T80<130000,"100K–129K","130K+"))) -> 70K–99K
A81: E000080 | B81: 45626 | C81: Finance | D81: Corporate | E81: NA | F81: Financial Planning Associate | G81: finance | H81: associate | I81: terminated | J81: 45626 | K81: 45870 | L81: voluntary | M81: 244 | N81: 18-24 | O81: bachelors | P81: 0-5_km | Q81: 5 | R81: outstanding | S81: 1 | T81: 73000 | U81: =IF(LOWER(TRIM(Q81&""))="none","Not Reviewed","Reviewed") -> Reviewed | V81: =IF(OR(Q81="none",R81=""),"Not Reviewed",R81) -> outstanding | W81: =IF(I81="terminated",1,0) -> 1 | X81: =IF(I81="terminated","Attrited","Active") -> Attrited | Y81: =M81/365 -> 0.66849315 | Z81: =IF(Y81<1,"<1 Year",IF(Y81<2,"1–2 Years",IF(Y81<3,"2–3 Years","3+ Years"))) -> <1 Year | AA81: =IF(T81<70000,"<70K",IF(T81<100000,"70K–99K",IF(T81<130000,"100K–129K","130K+"))) -> 70K–99K
A82: E000081 | B82: 45814 | C82: People Operations | D82: Corporate | E82: EMEA | F82: People Operations Specialist | G82: people | H82: specialist | I82: active | J82: 45814 | M82: 208 | N82: 35-44 | O82: masters | P82: 16-30_km | Q82: 3 | R82: meets | S82: 1 | T82: 73500 | U82: =IF(LOWER(TRIM(Q82&""))="none","Not Reviewed","Reviewed") -> Reviewed | V82: =IF(OR(Q82="none",R82=""),"Not Reviewed",R82) -> meets | W82: =IF(I82="terminated",1,0) -> 0 | X82: =IF(I82="terminated","Attrited","Active") -> Active | Y82: =M82/365 -> 0.56986301 | Z82: =IF(Y82<1,"<1 Year",IF(Y82<2,"1–2 Years",IF(Y82<3,"2–3 Years","3+ Years"))) -> <1 Year | AA82: =IF(T82<70000,"<70K",IF(T82<100000,"70K–99K",IF(T82<130000,"100K–129K","130K+"))) -> 70K–99K
A83: E000082 | B83: 45535 | C83: Legal & Compliance | D83: Corporate | E83: NA | F83: Legal & Compliance Associate | G83: legal | H83: associate | I83: active | J83: 45535 | M83: 487 | N83: 25-34 | O83: high_school | P83: 16-30_km | Q83: 2 | R83: needs_support | S83: 1 | T83: 58500 | U83: =IF(LOWER(TRIM(Q83&""))="none","Not Reviewed","Reviewed") -> Reviewed | V83: =IF(OR(Q83="none",R83=""),"Not Reviewed",R83) -> needs_support | W83: =IF(I83="terminated",1,0) -> 0 | X83: =IF(I83="terminated","Attrited","Active") -> Active | Y83: =M83/365 -> 1.3342466 | Z83: =IF(Y83<1,"<1 Year",IF(Y83<2,"1–2 Years",IF(Y83<3,"2–3 Years","3+ Years"))) -> 1–2 Years | AA83: =IF(T83<70000,"<70K",IF(T83<100000,"70K–99K",IF(T83<130000,"100K–129K","130K+"))) -> <70K
A84: E000083 | B84: 45813 | C84: Supply Chain | D84: Operations | E84: APAC | F84: Operations Specialist | G84: operations | H84: specialist | I84: active | J84: 45813 | M84: 209 | N84: 18-24 | O84: masters | P84: remote | Q84: 4 | R84: exceeds | S84: 1 | T84: 84500 | U84: =IF(LOWER(TRIM(Q84&""))="none","Not Reviewed","Reviewed") -> Reviewed | V84: =IF(OR(Q84="none",R84=""),"Not Reviewed",R84) -> exceeds | W84: =IF(I84="terminated",1,0) -> 0 | X84: =IF(I84="terminated","Attrited","Active") -> Active | Y84: =M84/365 -> 0.57260274 | Z84: =IF(Y84<1,"<1 Year",IF(Y84<2,"1–2 Years",IF(Y84<3,"2–3 Years","3+ Years"))) -> <1 Year | AA84: =IF(T84<70000,"<70K",IF(T84<100000,"70K–99K",IF(T84<130000,"100K–129K","130K+"))) -> 70K–99K
A85: E000084 | B85: 45634 | C85: Business Operations | D85: Operations | E85: LATAM | F85: Analytics Senior Specialist | G85: analytics | H85: senior | I85: active | J85: 45634 | M85: 388 | N85: 25-34 | O85: professional | P85: 31+_km | Q85: 2 | R85: needs_support | S85: 1 | T85: 128000 | U85: =IF(LOWER(TRIM(Q85&""))="none","Not Reviewed","Reviewed") -> Reviewed | V85: =IF(OR(Q85="none",R85=""),"Not Reviewed",R85) -> needs_support | W85: =IF(I85="terminated",1,0) -> 0 | X85: =IF(I85="terminated","Attrited","Active") -> Active | Y85: =M85/365 -> 1.0630137 | Z85: =IF(Y85<1,"<1 Year",IF(Y85<2,"1–2 Years",IF(Y85<3,"2–3 Years","3+ Years"))) -> 1–2 Years | AA85: =IF(T85<70000,"<70K",IF(T85<100000,"70K–99K",IF(T85<130000,"100K–129K","130K+"))) -> 100K–129K
A86: E000085 | B86: 45411 | C86: Engineering | D86: Product & Technology | E86: NA | F86: Software Engineering Senior Specialist | G86: engineering | H86: senior | I86: active | J86: 45411 | M86: 611 | N86: 35-44 | O86: associate | P86: 16-30_km | Q86: 3 | R86: meets | S86: 2 | T86: 140500 | U86: =IF(LOWER(TRIM(Q86&""))="none","Not Reviewed","Reviewed") -> Reviewed | V86: =IF(OR(Q86="none",R86=""),"Not Reviewed",R86) -> meets | W86: =IF(I86="terminated",1,0) -> 0 | X86: =IF(I86="terminated","Attrited","Active") -> Active | Y86: =M86/365 -> 1.6739726 | Z86: =IF(Y86<1,"<1 Year",IF(Y86<2,"1–2 Years",IF(Y86<3,"2–3 Years","3+ Years"))) -> 1–2 Years | AA86: =IF(T86<70000,"<70K",IF(T86<100000,"70K–99K",IF(T86<130000,"100K–129K","130K+"))) -> 130K+
A87: E000086 | B87: 45704 | C87: Data & Analytics | D87: Product & Technology | E87: NA | F87: Analytics Associate | G87: analytics | H87: associate | I87: active | J87: 45704 | M87: 318 | N87: 25-34 | O87: professional | P87: 0-5_km | Q87: 5 | R87: outstanding | S87: 1 | T87: 58000 | U87: =IF(LOWER(TRIM(Q87&""))="none","Not Reviewed","Reviewed") -> Reviewed | V87: =IF(OR(Q87="none",R87=""),"Not Reviewed",R87) -> outstanding | W87: =IF(I87="terminated",1,0) -> 0 | X87: =IF(I87="terminated","Attrited","Active") -> Active | Y87: =M87/365 -> 0.87123288 | Z87: =IF(Y87<1,"<1 Year",IF(Y87<2,"1–2 Years",IF(Y87<3,"2–3 Years","3+ Years"))) -> <1 Year | AA87: =IF(T87<70000,"<70K",IF(T87<100000,"70K–99K",IF(T87<130000,"100K–129K","130K+"))) -> <70K
A88: E000087 | B88: 45383 | C88: Product | D88: Product & Technology | E88: EMEA | F88: Product Management Specialist | G88: product | H88: specialist | I88: active | J88: 45383 | M88: 639 | N88: 35-44 | O88: bachelors | P88: 6-15_km | Q88: 3 | R88: meets | S88: 2 | T88: 73000 | U88: =IF(LOWER(TRIM(Q88&""))="none","Not Reviewed","Reviewed") -> Reviewed | V88: =IF(OR(Q88="none",R88=""),"Not Reviewed",R88) -> meets | W88: =IF(I88="terminated",1,0) -> 0 | X88: =IF(I88="terminated","Attrited","Active") -> Active | Y88: =M88/365 -> 1.7506849 | Z88: =IF(Y88<1,"<1 Year",IF(Y88<2,"1–2 Years",IF(Y88<3,"2–3 Years","3+ Years"))) -> 1–2 Years | AA88: =IF(T88<70000,"<70K",IF(T88<100000,"70K–99K",IF(T88<130000,"100K–129K","130K+"))) -> 70K–99K
A89: E000088 | B89: 45240 | C89: Design | D89: Product & Technology | E89: EMEA | F89: Product Design Senior Specialist | G89: design | H89: senior | I89: active | J89: 45240 | M89: 782 | N89: 45-54 | O89: bachelors | P89: 6-15_km | Q89: 3 | R89: meets | S89: 2 | T89: 107500 | U89: =IF(LOWER(TRIM(Q89&""))="none","Not Reviewed","Reviewed") -> Reviewed | V89: =IF(OR(Q89="none",R89=""),"Not Reviewed",R89) -> meets | W89: =IF(I89="terminated",1,0) -> 0 | X89: =IF(I89="terminated","Attrited","Active") -> Active | Y89: =M89/365 -> 2.1424658 | Z89: =IF(Y89<1,"<1 Year",IF(Y89<2,"1–2 Years",IF(Y89<3,"2–3 Years","3+ Years"))) -> 2–3 Years | AA89: =IF(T89<70000,"<70K",IF(T89<100000,"70K–99K",IF(T89<130000,"100K–129K","130K+"))) -> 100K–129K
A90: E000089 | B90: 45299 | C90: Sales | D90: Revenue | E90: NA | F90: Account Associate | G90: sales | H90: associate | I90: active | J90: 45299 | M90: 723 | N90: 25-34 | O90: professional | P90: 16-30_km | Q90: 3 | R90: meets | S90: 2 | T90: 63500 | U90: =IF(LOWER(TRIM(Q90&""))="none","Not Reviewed","Reviewed") -> Reviewed | V90: =IF(OR(Q90="none",R90=""),"Not Reviewed",R90) -> meets | W90: =IF(I90="terminated",1,0) -> 0 | X90: =IF(I90="terminated","Attrited","Active") -> Active | Y90: =M90/365 -> 1.9808219 | Z90: =IF(Y90<1,"<1 Year",IF(Y90<2,"1–2 Years",IF(Y90<3,"2–3 Years","3+ Years"))) -> 1–2 Years | AA90: =IF(T90<70000,"<70K",IF(T90<100000,"70K–99K",IF(T90<130000,"100K–129K","130K+"))) -> <70K
A91: E000090 | B91: 45038 | C91: Customer Success | D91: Revenue | E91: EMEA | F91: Account Specialist | G91: sales | H91: specialist | I91: active | J91: 45038 | M91: 984 | N91: 25-34 | O91: masters | P91: remote | Q91: 3 | R91: meets | S91: 3 | T91: 103000 | U91: =IF(LOWER(TRIM(Q91&""))="none","Not Reviewed","Reviewed") -> Reviewed | V91: =IF(OR(Q91="none",R91=""),"Not Reviewed",R91) -> meets | W91: =IF(I91="terminated",1,0) -> 0 | X91: =IF(I91="terminated","Attrited","Active") -> Active | Y91: =M91/365 -> 2.6958904 | Z91: =IF(Y91<1,"<1 Year",IF(Y91<2,"1–2 Years",IF(Y91<3,"2–3 Years","3+ Years"))) -> 2–3 Years | AA91: =IF(T91<70000,"<70K",IF(T91<100000,"70K–99K",IF(T91<130000,"100K–129K","130K+"))) -> 100K–129K
A92: E000091 | B92: 45041 | C92: Marketing | D92: Revenue | E92: APAC | F92: Growth Marketing Associate | G92: marketing | H92: associate | I92: active | J92: 45041 | M92: 981 | N92: 25-34 | O92: bachelors | P92: 31+_km | Q92: 3 | R92: meets | S92: 3 | T92: 64500 | U92: =IF(LOWER(TRIM(Q92&""))="none","Not Reviewed","Reviewed") -> Reviewed | V92: =IF(OR(Q92="none",R92=""),"Not Reviewed",R92) -> meets | W92: =IF(I92="terminated",1,0) -> 0 | X92: =IF(I92="terminated","Attrited","Active") -> Active | Y92: =M92/365 -> 2.6876712 | Z92: =IF(Y92<1,"<1 Year",IF(Y92<2,"1–2 Years",IF(Y92<3,"2–3 Years","3+ Years"))) -> 2–3 Years | AA92: =IF(T92<70000,"<70K",IF(T92<100000,"70K–99K",IF(T92<130000,"100K–129K","130K+"))) -> <70K
A93: E000092 | B93: 45063 | C93: Finance | D93: Corporate | E93: NA | F93: Financial Planning Associate | G93: finance | H93: associate | I93: active | J93: 45063 | M93: 959 | N93: 25-34 | O93: masters | P93: remote | Q93: 3 | R93: meets | S93: 3 | T93: 75000 | U93: =IF(LOWER(TRIM(Q93&""))="none","Not Reviewed","Reviewed") -> Reviewed | V93: =IF(OR(Q93="none",R93=""),"Not Reviewed",R93) -> meets | W93: =IF(I93="terminated",1,0) -> 0 | X93: =IF(I93="terminated","Attrited","Active") -> Active | Y93: =M93/365 -> 2.6273973 | Z93: =IF(Y93<1,"<1 Year",IF(Y93<2,"1–2 Years",IF(Y93<3,"2–3 Years","3+ Years"))) -> 2–3 Years | AA93: =IF(T93<70000,"<70K",IF(T93<100000,"70K–99K",IF(T93<130000,"100K–129K","130K+"))) -> 70K–99K
A94: E000093 | B94: 45167 | C94: People Operations | D94: Corporate | E94: EMEA | F94: Operations Senior Specialist | G94: operations | H94: senior | I94: terminated | J94: 45167 | K94: 45904 | L94: involuntary | M94: 737 | N94: 35-44 | O94: bachelors | P94: 6-15_km | Q94: 3 | R94: meets | S94: 2 | T94: 137000 | U94: =IF(LOWER(TRIM(Q94&""))="none","Not Reviewed","Reviewed") -> Reviewed | V94: =IF(OR(Q94="none",R94=""),"Not Reviewed",R94) -> meets | W94: =IF(I94="terminated",1,0) -> 1 | X94: =IF(I94="terminated","Attrited","Active") -> Attrited | Y94: =M94/365 -> 2.0191781 | Z94: =IF(Y94<1,"<1 Year",IF(Y94<2,"1–2 Years",IF(Y94<3,"2–3 Years","3+ Years"))) -> 2–3 Years | AA94: =IF(T94<70000,"<70K",IF(T94<100000,"70K–99K",IF(T94<130000,"100K–129K","130K+"))) -> 130K+
A95: E000094 | B95: 45715 | C95: Legal & Compliance | D95: Corporate | E95: NA | F95: Legal & Compliance Associate | G95: legal | H95: associate | I95: active | J95: 45715 | M95: 307 | N95: 45-54 | O95: bachelors | P95: 16-30_km | Q95: 4 | R95: exceeds | S95: 1 | T95: 73000 | U95: =IF(LOWER(TRIM(Q95&""))="none","Not Reviewed","Reviewed") -> Reviewed | V95: =IF(OR(Q95="none",R95=""),"Not Reviewed",R95) -> exceeds | W95: =IF(I95="terminated",1,0) -> 0 | X95: =IF(I95="terminated","Attrited","Active") -> Active | Y95: =M95/365 -> 0.84109589 | Z95: =IF(Y95<1,"<1 Year",IF(Y95<2,"1–2 Years",IF(Y95<3,"2–3 Years","3+ Years"))) -> <1 Year | AA95: =IF(T95<70000,"<70K",IF(T95<100000,"70K–99K",IF(T95<130000,"100K–129K","130K+"))) -> 70K–99K
A96: E000095 | B96: 45402 | C96: Supply Chain | D96: Operations | E96: APAC | F96: Supply Chain Associate | G96: supply_chain | H96: associate | I96: active | J96: 45402 | M96: 620 | N96: 18-24 | O96: masters | P96: 31+_km | Q96: 3 | R96: meets | S96: 2 | T96: 63000 | U96: =IF(LOWER(TRIM(Q96&""))="none","Not Reviewed","Reviewed") -> Reviewed | V96: =IF(OR(Q96="none",R96=""),"Not Reviewed",R96) -> meets | W96: =IF(I96="terminated",1,0) -> 0 | X96: =IF(I96="terminated","Attrited","Active") -> Active | Y96: =M96/365 -> 1.6986301 | Z96: =IF(Y96<1,"<1 Year",IF(Y96<2,"1–2 Years",IF(Y96<3,"2–3 Years","3+ Years"))) -> 1–2 Years | AA96: =IF(T96<70000,"<70K",IF(T96<100000,"70K–99K",IF(T96<130000,"100K–129K","130K+"))) -> <70K
A97: E000096 | B97: 45741 | C97: Business Operations | D97: Operations | E97: LATAM | F97: Operations Specialist | G97: operations | H97: specialist | I97: active | J97: 45741 | M97: 281 | N97: 25-34 | O97: bachelors | P97: 16-30_km | Q97: 2 | R97: needs_support | S97: 1 | T97: 88500 | U97: =IF(LOWER(TRIM(Q97&""))="none","Not Reviewed","Reviewed") -> Reviewed | V97: =IF(OR(Q97="none",R97=""),"Not Reviewed",R97) -> needs_support | W97: =IF(I97="terminated",1,0) -> 0 | X97: =IF(I97="terminated","Attrited","Active") -> Active | Y97: =M97/365 -> 0.76986301 | Z97: =IF(Y97<1,"<1 Year",IF(Y97<2,"1–2 Years",IF(Y97<3,"2–3 Years","3+ Years"))) -> <1 Year | AA97: =IF(T97<70000,"<70K",IF(T97<100000,"70K–99K",IF(T97<130000,"100K–129K","130K+"))) -> 70K–99K
A98: E000097 | B98: 45159 | C98: Engineering | D98: Product & Technology | E98: NA | F98: Software Engineering Senior Specialist | G98: engineering | H98: senior | I98: terminated | J98: 45159 | K98: 45424 | L98: voluntary | M98: 265 | N98: 25-34 | O98: bachelors | P98: remote | Q98: 3 | R98: meets | S98: 1 | T98: 117500 | U98: =IF(LOWER(TRIM(Q98&""))="none","Not Reviewed","Reviewed") -> Reviewed | V98: =IF(OR(Q98="none",R98=""),"Not Reviewed",R98) -> meets | W98: =IF(I98="terminated",1,0) -> 1 | X98: =IF(I98="terminated","Attrited","Active") -> Attrited | Y98: =M98/365 -> 0.7260274 | Z98: =IF(Y98<1,"<1 Year",IF(Y98<2,"1–2 Years",IF(Y98<3,"2–3 Years","3+ Years"))) -> <1 Year | AA98: =IF(T98<70000,"<70K",IF(T98<100000,"70K–99K",IF(T98<130000,"100K–129K","130K+"))) -> 100K–129K
A99: E000098 | B99: 45675 | C99: Data & Analytics | D99: Product & Technology | E99: NA | F99: Analytics Specialist | G99: analytics | H99: specialist | I99: active | J99: 45675 | M99: 347 | N99: 25-34 | O99: associate | P99: remote | Q99: 3 | R99: meets | S99: 1 | T99: 93000 | U99: =IF(LOWER(TRIM(Q99&""))="none","Not Reviewed","Reviewed") -> Reviewed | V99: =IF(OR(Q99="none",R99=""),"Not Reviewed",R99) -> meets | W99: =IF(I99="terminated",1,0) -> 0 | X99: =IF(I99="terminated","Attrited","Active") -> Active | Y99: =M99/365 -> 0.95068493 | Z99: =IF(Y99<1,"<1 Year",IF(Y99<2,"1–2 Years",IF(Y99<3,"2–3 Years","3+ Years"))) -> <1 Year | AA99: =IF(T99<70000,"<70K",IF(T99<100000,"70K–99K",IF(T99<130000,"100K–129K","130K+"))) -> 70K–99K
A100: E000099 | B100: 45482 | C100: Product | D100: Product & Technology | E100: EMEA | F100: Analytics Associate | G100: analytics | H100: associate | I100: terminated | J100: 45482 | K100: 45665 | L100: retirement | M100: 183 | N100: 45-54 | O100: professional | P100: remote | Q100: 3 | R100: meets | S100: 1 | T100: 63000 | U100: =IF(LOWER(TRIM(Q100&""))="none","Not Reviewed","Reviewed") -> Reviewed | V100: =IF(OR(Q100="none",R100=""),"Not Reviewed",R100) -> meets | W100: =IF(I100="terminated",1,0) -> 1 | X100: =IF(I100="terminated","Attrited","Active") -> Attrited | Y100: =M100/365 -> 0.50136986 | Z100: =IF(Y100<1,"<1 Year",IF(Y100<2,"1–2 Years",IF(Y100<3,"2–3 Years","3+ Years"))) -> <1 Year | AA100: =IF(T100<70000,"<70K",IF(T100<100000,"70K–99K",IF(T100<130000,"100K–129K","130K+"))) -> <70K
...

Sheet Calculations
A1: CALCULATIONS
A2: Data Quality Formulas | D2: Businees Analysis Formulas
A3: Total employees | B3: =COUNTA(Clean_data!A2:A6001) -> 6000 | D3: Total Employees | E3: =COUNTA(Clean_data!A2:A6001) -> 6000
A4: Duplicate Employee IDs | B4: =COUNTA(Clean_data!A2:A6001)-COUNTA(_xlfn.UNIQUE(Clean_data!A2:A6001)) -> 0 | D4: Active Employees | E4: =COUNTIF(Clean_data!X2:X6001,"Active") -> 4975
A5: Missing Values Count | D5: Attrited Employees | E5: =COUNTIF(Clean_data!X2:X6001,"Attrited") -> 1025
A6: employee_id | B6: =COUNTBLANK(Clean_data!A2:A6001) -> 0 | D6: Attrition Rate | E6: =COUNTIF(Clean_data!X2:X6001,"Attrited")/COUNTA(Clean_data!A2:A6001) -> 0.17083333
A7: hire_date | B7: =COUNTBLANK(Clean_data!B2:B6001) -> 0 | D7: Average Salary | E7: =AVERAGE(Clean_data!T2:T6001) -> 90996.583
A8: department_name | B8: =COUNTBLANK(Clean_data!C2:C6001) -> 0 | D8: Minimum Salary | E8: =MIN(Clean_data!T2:T6001) -> 55000
A9: business_unit | B9: =COUNTBLANK(Clean_data!D2:D6001) -> 0 | D9: Maximum Salary | E9: =MAX(Clean_data!T2:T6001) -> 188000
A10: region | B10: =COUNTBLANK(Clean_data!A2:A6001) -> 0 | D10: Average Tenure | E10: =AVERAGE(Clean_data!Y2:Y6001) -> 1.5169037
A11: role_title | B11: =COUNTBLANK(Clean_data!E2:E6001) -> 0 | D11: Reviewed Employees | E11: =COUNTIF(Clean_data!U2:U6001,"Reviewed") -> 5219
A12: job_family | B12: =COUNTBLANK(Clean_data!F2:F6001) -> 0 | D12: Not Reviewed Employees | E12: =COUNTIF(Clean_data!U2:U6001,"Not Reviewed") -> 781
A13: job_level | B13: =COUNTBLANK(Clean_data!H2:H6001) -> 0
A14: employment_status | B14: =COUNTBLANK(Clean_data!I2:I6001) -> 0
A15: started_at | B15: =COUNTBLANK(Clean_data!J2:J6001) -> 0
A16: ended_at | B16: =COUNTBLANK(Clean_data!K2:K6001) -> 4975
A17: termination_type | B17: =COUNTBLANK(Clean_data!L2:L6001) -> 4975
A18: tenure_days | B18: =COUNTBLANK(Clean_data!M2:M6001) -> 0
A19: age_band | B19: =COUNTBLANK(Clean_data!N2:N6001) -> 0
A20: education_level | B20: =COUNTBLANK(Clean_data!O2:O6001) -> 0
A21: commute_band | B21: =COUNTBLANK(Clean_data!P2:P6001) -> 0
A22: latest_review_score | B22: =COUNTBLANK(Clean_data!Q2:Q6001) -> 0
A23: latest_review_outcome | B23: =COUNTBLANK(Clean_data!R2:R6001) -> 781
A24: review_count | B24: =COUNTBLANK(Clean_data!S2:S6001) -> 0
A25: base_salary | B25: =COUNTBLANK(Clean_data!T2:T6001) -> 0

Sheet PivotTables
A1: Attrition by Department | F1: Attrition Rate by Department | I1: Attrition by Job Level
A2: Department Name | F2: Department Name | G2: Average of Attrition_Flag | I2: Job Level
B3: Active | C3: Attrited | D3: Grand Total | F3: Business Operations | G3: 0.17 | J3: Active | K3: Attrited | L3: Grand Total
A4: Business Operations | B4: 415 | C4: 85 | D4: 500 | F4: Customer Success | G4: 0.188 | I4: associate | J4: 1732 | K4: 345 | L4: 2077
A5: Customer Success | B5: 406 | C5: 94 | D5: 500 | F5: Data & Analytics | G5: 0.172 | I5: lead | J5: 248 | K5: 41 | L5: 289
A6: Data & Analytics | B6: 414 | C6: 86 | D6: 500 | F6: Design | G6: 0.174 | I6: senior | J6: 1118 | K6: 230 | L6: 1348
A7: Design | B7: 413 | C7: 87 | D7: 500 | F7: Engineering | G7: 0.18 | I7: specialist | J7: 1877 | K7: 409 | L7: 2286
A8: Engineering | B8: 410 | C8: 90 | D8: 500 | F8: Finance | G8: 0.176 | I8: Grand Total | J8: 4975 | K8: 1025 | L8: 6000
A9: Finance | B9: 412 | C9: 88 | D9: 500 | F9: Legal & Compliance | G9: 0.148
A10: Legal & Compliance | B10: 426 | C10: 74 | D10: 500 | F10: Marketing | G10: 0.172 | I10: Attrition by Tenure
A11: Marketing | B11: 414 | C11: 86 | D11: 500 | F11: People Operations | G11: 0.15 | I11: Tenure Band
A12: People Operations | B12: 425 | C12: 75 | D12: 500 | F12: Product | G12: 0.16 | J12: Active | K12: Attrited | L12: Grand Total
A13: Product | B13: 420 | C13: 80 | D13: 500 | F13: Sales | G13: 0.188 | I13: <1 Year | J13: 1341 | K13: 625 | L13: 1966
A14: Sales | B14: 406 | C14: 94 | D14: 500 | F14: Supply Chain | G14: 0.172 | I14: 1–2 Years | J14: 1788 | K14: 318 | L14: 2106
A15: Supply Chain | B15: 414 | C15: 86 | D15: 500 | F15: Grand Total | G15: 0.17083333 | I15: 2–3 Years | J15: 1843 | K15: 82 | L15: 1925
A16: Grand Total | B16: 4975 | C16: 1025 | D16: 6000 | I16: 3+ Years | J16: 3 | L16: 3
I17: Grand Total | J17: 4975 | K17: 1025 | L17: 6000
A19: Attrition by Age Band | E19: Attrition by Education | I19: Attrition by Commute
A20: Age Band | B20: Count of employee_id | C20: Sum of Attrition_Flag | E20: Education Level | F20: Count of employee_id | G20: Sum of Attrition_Flag | I20: Commute Band | J20: Count of employee_id | K20: Sum of Attrition_Flag
A21: 18-24 | B21: 555 | C21: 102 | E21: associate | F21: 785 | G21: 137 | I21: 0-5_km | J21: 718 | K21: 119
A22: 25-34 | B22: 2368 | C22: 376 | E22: bachelors | F22: 2883 | G22: 482 | I22: 16-30_km | J22: 1308 | K22: 230
A23: 35-44 | B23: 1824 | C23: 325 | E23: high_school | F23: 512 | G23: 93 | I23: 31+_km | J23: 627 | K23: 112
A24: 45-54 | B24: 957 | C24: 179 | E24: masters | F24: 1510 | G24: 266 | I24: 6-15_km | J24: 1617 | K24: 260
A25: 55-64 | B25: 296 | C25: 43 | E25: professional | F25: 310 | G25: 47 | I25: remote | J25: 1730 | K25: 304
A26: Grand Total | B26: 6000 | C26: 1025 | E26: Grand Total | F26: 6000 | G26: 1025 | I26: Grand Total | J26: 6000 | K26: 1025
A29: Salary by Department | D29: Attrition by Salary Band | I29: Attrition by Region
A30: Department Name | B30: Average of base_salary | D30: Salary | I30: Regions
A31: Business Operations | B31: 89129 | E31: Active | F31: Attrited | G31: Grand Total | J31: Active | K31: Attrited | L31: Grand Total
A32: Customer Success | B32: 91380 | D32: <70K | E32: 1055 | F32: 221 | G32: 1276 | I32: APAC | J32: 828 | K32: 172 | L32: 1000
A33: Data & Analytics | B33: 91860 | D33: 100K–129K | E33: 999 | F33: 209 | G33: 1208 | I33: EMEA | J33: 1664 | K33: 336 | L33: 2000
A34: Design | B34: 90441 | D34: 130K+ | E34: 551 | F34: 110 | G34: 661 | I34: LATAM | J34: 415 | K34: 85 | L34: 500
A35: Engineering | B35: 91429 | D35: 70K–99K | E35: 2370 | F35: 485 | G35: 2855 | I35: NA | J35: 2068 | K35: 432 | L35: 2500
A36: Finance | B36: 90531 | D36: Grand Total | E36: 4975 | F36: 1025 | G36: 6000 | I36: Grand Total | J36: 4975 | K36: 1025 | L36: 6000
A37: Legal & Compliance | B37: 91131
A38: Marketing | B38: 90329 | D38: Review Status
A39: People Operations | B39: 91261 | D39: Review Status | E39: Count of employee_id
A40: Product | B40: 91393 | D40: Not Reviewed | E40: 781
A41: Sales | B41: 92253 | D41: Reviewed | E41: 5219
A42: Supply Chain | B42: 90822 | D42: Grand Total | E42: 6000
A43: Grand Total | B43: 90996.583

Sheet Dashboard
A1: EMPLOYEE WORKFORCE & ATTRITION ANALYSIS
B7: TOTAL EMPLOYEES | G7: ACTIVE EMPLOYEES | L7: ATTRITED EMPLOYEES | Q7: ATTRITION RATE | V7: AVERAGE SALARY
B9: =Calculations!E3 -> 6000 | G9: =Calculations!E4 -> 4975 | L9: =Calculations!E5 -> 1025 | Q9: =Calculations!E6 -> 0.17083333 | V9: =Calculations!E7 -> 90996.583

Sheet Insights
A1: EMPLOYEE WORKFORCE & ATTRITION — KEY INSIGHTS
A4: EXECUTIVE SUMMARY
A5: 1. Overall Workforce
A6: The organization has 6,000 employees, with 4,975 active employees and 1,025 attrited employees.
A8: 2. Overall Attrition
A9: The overall attrition rate is 17.1%, meaning approximately 17 out of every 100 employees have attrited.
A11: 3. Employee Reviews
A12: 5,219 employees have a recorded review score, while 781 employees have not been reviewed.
A14: 4. Department-Level Pattern
A15: Attrition varies across departments, with the highest attrition counts observed in Customer Success and Sales, while Legal & Compliance has the lowest attrition count.
A17: 5. Data Quality
A18: Employee IDs are unique and region values are complete. Review-related fields contain some missing or "none" values that were retained and classified as Not Reviewed.
A20: KEY MATRICS
B21: Total Employees | D21: =Calculations!E3 -> 6000
B22: Active Employees | D22: =Calculations!E4 -> 4975
B23: Attrited Employees | D23: =Calculations!E5 -> 1025
B24: Attrition Rate | D24: =Calculations!E6 -> 0.17083333
B25: Reviewed Employees | D25: =Calculations!E11 -> 5219
B26: Not Reviewed | D26: =Calculations!E12 -> 781
A28: ADD BUSINESS FINDINGS
A29: Department Attrition
A30: Customer Success and Sales each have 94 attrited employees, while Legal & Compliance has 74. The difference shows that attrition is not evenly distributed across departments.
A32: Tenure & Attrition
A33: Compare attrition across the tenure bands to identify whether employees earlier in their careers or longer-tenured employees show higher attrition counts.
A35: Salary & Attrition
A36: The salary-band analysis can be used to examine whether attrition is concentrated within particular compensation ranges.
A38: Review Coverage
A39: 781 employees are classified as Not Reviewed, representing about 13.0% of the workforce. This indicates an opportunity to improve review coverage.
A41: ANALYST RECOMMENDATIONS
A42: Monitor Department-Level Attrition
A43: Review attrition patterns in departments with higher attrition counts and investigate potential drivers through employee feedback and exit data.
... A69: Analyzed workforce size, attrition, employee reviews, department, region, job level, tenure and salary patterns.
